,Product Name,Cost, Rating,Reviews,Product URL
0,Wesley Milestone 2.0 Casual Waterproof Laptop Backpack/Office Bag/School Bag/College Bag/Business Bag/Travel Backpack (Dimensions:13x18 inches) (Compatible with 39.62cm(15.6inch laptop) 30 L (Blue & black),598,4.3 out of 5 stars,"10,969",www.amazon.in/Wesley-Milestone-Waterproof-Backpack-Business/dp/B084JGJ8PF/ref=ice_ac_b_dpb?crid=2M096C61O4MLT&keywords=bags&qid=1685206987&sprefix=ba%2Caps%2C283&sr=8-3
1,American Tourister 32 Ltrs Black Casual Backpack (AMT FIZZ SCH BAG 02 - BLACK),"1,199",4.0 out of 5 stars,"54,253",www.amazon.in/gp/bestsellers/luggage/2917436031/ref=sr_bs_3_2917436031_1
2,Skybags Brat Black 46 Cms Casual Backpack,630,4.1 out of 5 stars,"4,570",www.amazon.in/Skybags-Brat-Black-Casual-Backpack/dp/B08Z1HHHTD/ref=sr_1_5?crid=2M096C61O4MLT&keywords=bags&qid=1685206987&sprefix=ba%2Caps%2C283&sr=8-5
3,Half Moon Large 37L Laptop Bag Backpack for menं Women Boys and Girls Luggage Travel Bags with 17.3 inches Laptop Compartment & Rain Cover,749,3.9 out of 5 stars,"2,778",www.amazon.in/Half-Moon-Resistant-Backpack-Compartment/dp/B0BJ32LQ6X/ref=sr_1_6?crid=2M096C61O4MLT&keywords=bags&qid=1685206987&sprefix=ba%2Caps%2C283&sr=8-6
4,"American Tourister VALEX BLACK LAPTOP BACKPACK 28 Ltrs,Volume, LAPTOP COMPARTMENT, BOTTLE POCKET, FRONT ORGANIZER","1,299",4.3 out of 5 stars,201,www.amazon.in/American-Tourister-BACKPACK-COMPARTMENT-ORGANIZER/dp/B0BTD4S4XF/ref=sr_1_7?crid=2M096C61O4MLT&keywords=bags&qid=1685206987&sprefix=ba%2Caps%2C283&sr=8-7
5,"FUR JADEN Anti Theft Number Lock Backpack Bag with 15.6 Inch Laptop Compartment, USB Charging Port & Organizer Pocket for Men Women Boys Girls",699,4.0 out of 5 stars,"4,053",www.amazon.in/Number-Backpack-Compartment-Charging-Organizer/dp/B09VTDMRY7/ref=sr_1_8?crid=2M096C61O4MLT&keywords=bags&qid=1685206987&sprefix=ba%2Caps%2C283&sr=8-8
6,ADISA 15.6 inch Laptop Backpack Office Bag College Travel Back Pack 32 Ltrs (z-Navy Blue),499,3.9 out of 5 stars,812,www.amazon.in/ADISA-Laptop-Backpack-Office-College/dp/B09TPX22NF/ref=sr_1_9?crid=2M096C61O4MLT&keywords=bags&qid=1685206987&sprefix=ba%2Caps%2C283&sr=8-9
7,"Half Moon 35L Water Resistant 15.6 inch Laptop Bag for Men/Backpack for Men, Navy Blue | Office Bag for Men/Office Bag for Women with Padded Laptop Compartment | Rain Cover & Reflective Strips",529,3.9 out of 5 stars,"15,945",www.amazon.in/gp/bestsellers/computers/1375464031/ref=sr_bs_9_1375464031_1
8,"American Tourister VALEX BLUE LAPTOP BACKPACK 28 Ltrs,Volume, LAPTOP COMPARTMENT, BOTTLE POCKET, FRONT ORGANIZER","1,299",4.3 out of 5 stars,215,www.amazon.in/American-Tourister-BACKPACK-COMPARTMENT-ORGANIZER/dp/B0BTD4FK9G/ref=sr_1_13?crid=2M096C61O4MLT&keywords=bags&qid=1685206987&sprefix=ba%2Caps%2C283&sr=8-13
9,"FUR JADEN Anti Theft Number Lock Backpack Bag with 15.6 Inch Laptop Compartment, USB Charging Port & Organizer Pocket for Men Women Boys Girls",699,4.0 out of 5 stars,"4,053",www.amazon.in/Number-Backpack-Compartment-Charging-Organizer/dp/B09VTCNN75/ref=sr_1_14?crid=2M096C61O4MLT&keywords=bags&qid=1685206987&sprefix=ba%2Caps%2C283&sr=8-14
10,Fur Jaden Brown Textured Leatherette Stylish & Spacious Weekender Duffle Bag for Travel,899,4.3 out of 5 stars,"5,938",www.amazon.in/FUR-JADEN-Leatherette-Polypropylene-DUFF05/dp/B07M9BRCQ5/ref=sr_1_15?crid=2M096C61O4MLT&keywords=bags&qid=1685206987&sprefix=ba%2Caps%2C283&sr=8-15
11,"TRUE HUMAN Emperor Anti-Theft backpack With USB charging Port Laptop Bag, Office bag, college bag and anti -theft back pocket (Black)",599,3.8 out of 5 stars,"2,045",www.amazon.in/TRUE-HUMAN-Anti-Theft-backpack-charging/dp/B09QJ7ZF2Y/ref=sr_1_16?crid=2M096C61O4MLT&keywords=bags&qid=1685206987&sprefix=ba%2Caps%2C283&sr=8-16
12,SAFARI 15 Ltrs Sea Blue Casual/School/College Backpack (DAYPACKNEO15CBSEB),248,4.0 out of 5 stars,"19,061",www.amazon.in/SAFARI-Ltrs-Casual-Backpack-DAYPACKNEO15CBSEB/dp/B07Q7CNPMV/ref=sr_1_17?crid=2M096C61O4MLT&keywords=bags&qid=1685206987&sprefix=ba%2Caps%2C283&sr=8-17
13,Safari Seek 45 Ltrs Overnighter Expandable Travel Laptop Backpack,"1,999",4.5 out of 5 stars,"7,049",www.amazon.in/Safari-45L-21-OB-BLK/dp/B07BZ5VC4H/ref=sr_1_18?crid=2M096C61O4MLT&keywords=bags&qid=1685206987&sprefix=ba%2Caps%2C283&sr=8-18
14,Lunar's Bingo - 48 L Laptop Office/School/Travel/Business Backpack Water Resistant - Fits Up to 15.6 Inch Laptop Notebook with 1 Year Warranty,899,3.9 out of 5 stars,"9,515",www.amazon.in/Lunars-Bingo-Laptop-Resistant-48L/dp/B08YZ8FFBZ/ref=sr_1_19?crid=2M096C61O4MLT&keywords=bags&qid=1685206987&sprefix=ba%2Caps%2C283&sr=8-19
15,Gear Aspire 30L Water Restant Office Laptop Bag/Backpack for Men/Women/(Black),"1,099",4.3 out of 5 stars,"5,609",www.amazon.in/Gear-Black-Laptop-Backpack-LBPASPIRE0104/dp/B075MK4TXP/ref=sr_1_20?crid=2M096C61O4MLT&keywords=bags&qid=1685206987&sprefix=ba%2Caps%2C283&sr=8-20
16,"Lenovo 15.6"" (39.62cm) Slim Everyday Backpack, Made in India, Compact, Water-resistant, Organized storage:Laptop sleeve,tablet pocket,front workstation,2-side pockets,Padded adjustable shoulder straps",649,4.4 out of 5 stars,"3,063",www.amazon.in/Lenovo-15-6-Inches-Everyday-Backpack/dp/B08R7RPVJF/ref=sr_1_19?crid=2M096C61O4MLT&keywords=bags&qid=1685206988&sprefix=ba%2Caps%2C283&sr=8-19
17,Gear CarryOn 16L Foldable Water Resistant School Bag//Backpack/College Bag for Men/Women - Blue Black,189,3.7 out of 5 stars,"6,466",www.amazon.in/GEAR-Black-Blue-Backpack-years/dp/B019HA8AYG/ref=sr_1_20?crid=2M096C61O4MLT&keywords=bags&qid=1685206988&sprefix=ba%2Caps%2C283&sr=8-20
18,ADISA 32L Large Laptop Backpack Office Bag College Travel Back Pack with rain Cover (Grey),599,3.8 out of 5 stars,144,www.amazon.in/ADISA-Laptop-Backpack-Office-College/dp/B0BPVLXD53/ref=sr_1_21?crid=2M096C61O4MLT&keywords=bags&qid=1685206988&sprefix=ba%2Caps%2C283&sr=8-21
19,"Wesley Milestone 2.0 Casual Waterproof Laptop Backpack/Office Bag/School Bag/College Bag/Business Bag/Travel Backpack (Dimensions:13x18 inches) (Compatible with 39.62cm(15.6inch laptop) 30 L, Charcoal black",598,4.3 out of 5 stars,"10,969",www.amazon.in/Wesley-Milestone-Waterproof-Backpack-Business/dp/B085S444JV/ref=sr_1_22?crid=2M096C61O4MLT&keywords=bags&qid=1685206988&sprefix=ba%2Caps%2C283&sr=8-22
20,Gear Classic 20L Faux Leather Water Resistant Anti Theft Laptop Bag/Backpack for Men/Women-Brown,988,4.4 out of 5 stars,"5,708",www.amazon.in/Gear-Classic-Leather-Backpack-LBPCLSLTH0201/dp/B07G4F6XFH/ref=sr_1_23?crid=2M096C61O4MLT&keywords=bags&qid=1685206988&sprefix=ba%2Caps%2C283&sr=8-23
21,"Safari Flash Casual Backpack, 26 ltr Water Resistant Travel Bags| Weight Polyester Bagpack for Men and Women, Spacious Shoulder Bag for College, Office, Travelling and Camping",799,3.8 out of 5 stars,"2,718",www.amazon.in/Safari-Backpack-Resistant-Polyester-Travelling/dp/B09B26VHXV/ref=sr_1_24?crid=2M096C61O4MLT&keywords=bags&qid=1685206988&sprefix=ba%2Caps%2C283&sr=8-24
22,Lavie Sport Lino Large Size 63 cms Wheel Duffle Bag for Travel | Travel Bag with Trolley,"1,199",4.0 out of 5 stars,"7,658",www.amazon.in/Lavie-Sport-Duffle-Luggage-Trolley/dp/B097RJ22Q3/ref=sr_1_25?crid=2M096C61O4MLT&keywords=bags&qid=1685206988&sprefix=ba%2Caps%2C283&sr=8-25
23,Lavie Women's Ushawu Satchel Bag | Ladies Purse Handbag,"1,059",4.1 out of 5 stars,"6,423",www.amazon.in/gp/bestsellers/shoes/1983354031/ref=sr_bs_9_1983354031_1
24,Half Moon Large 37L Laptop Bag Backpack for menं Women Boys and Girls Luggage Travel Bags with 17.3 inches Laptop Compartment & Rain Cover,749,3.9 out of 5 stars,"2,778",www.amazon.in/Half-Moon-Backpack-Luggage-Compartment/dp/B09VCLZ3K4/ref=sr_1_29?crid=2M096C61O4MLT&keywords=bags&qid=1685206988&sprefix=ba%2Caps%2C283&sr=8-29
25,Wesley Milestone 15.6 inch 25 L Casual Waterproof Laptop Backpack/Office Bag/School Bag/College Bag/Business Bag/Unisex Travel Backpack,497,4.3 out of 5 stars,"12,775",www.amazon.in/Wesley-Milestone-Waterproof-Backpack-Business/dp/B07PLKV6D1/ref=sr_1_30?crid=2M096C61O4MLT&keywords=bags&qid=1685206988&sprefix=ba%2Caps%2C283&sr=8-30
26,"POLESTAR Vintage 15.6 inch 32 LTR Casual Laptop Backpack/Office Bag/School Bag/College Bag/Business Bag/Unisex Backpack, Water Resistant and Light Weight, 1 year Warranty",549,3.9 out of 5 stars,"8,844",www.amazon.in/POLESTAR-Vintage-Laptop-Backpack-bagpack/dp/B081GSQ9D9/ref=sr_1_31?crid=2M096C61O4MLT&keywords=bags&qid=1685206988&sprefix=ba%2Caps%2C283&sr=8-31
27,Zipline Unisex casual polyester 36 L Backpack School Bag Women Men Boys Girls children Daypack College Bag Book School Sports Bag Weekend Bag,834,4.0 out of 5 stars,"5,583",www.amazon.in/ZIPLINE-Polyester-Backpack-Children-Daypack/dp/B07XVMR33Q/ref=sr_1_32?crid=2M096C61O4MLT&keywords=bags&qid=1685206988&sprefix=ba%2Caps%2C283&sr=8-32
28,"Safari Quill Laptop Backpack 26 Ltrs Water Resistant Fabric - Black, L (QUILL19CBBLK)",849,3.9 out of 5 stars,852,www.amazon.in/Safari-Laptop-Backpack-Resistant-Fabric/dp/B09B25Z8M2/ref=sr_1_33?crid=2M096C61O4MLT&keywords=bags&qid=1685206988&sprefix=ba%2Caps%2C283&sr=8-33
29,"Safari Quill Laptop Backpack 26 Ltrs Water Resistant Fabric - Blue, L (QUILL19CBBLU)",849,4.0 out of 5 stars,604,www.amazon.in/Safari-Laptop-Backpack-Resistant-Fabric/dp/B09B28TKLG/ref=sr_1_34?crid=2M096C61O4MLT&keywords=bags&qid=1685206988&sprefix=ba%2Caps%2C283&sr=8-34
30,Zipline Unisex Casual Polyester 36 L Backpack School Bag Women Men Boys Girls Children Daypack College Bag Book School Sports Bag,843,3.7 out of 5 stars,830,www.amazon.in/Zipline-Nexa-Resistant-Bagpack-Backpack/dp/B08WQ668WJ/ref=sr_1_35?crid=2M096C61O4MLT&keywords=bags&qid=1685206988&sprefix=ba%2Caps%2C283&sr=8-35
31,ADISA Light Weight Laptop Backpack 32 Ltrs,499,4.0 out of 5 stars,"5,865",www.amazon.in/ADISA-BP005-Weight-Casual-Backpack/dp/B07F3X45WZ/ref=sr_1_36?crid=2M096C61O4MLT&keywords=bags&qid=1685206988&sprefix=ba%2Caps%2C283&sr=8-36
32,"Wesley Unisex Milestone Casual Waterproof Laptop Office School College Business Travel Backpack 25 L (Dimensions: 12.5x18 inches) (Compatible with 15.6 inch laptops), Navy Blue",425,4.3 out of 5 stars,"12,775",www.amazon.in/Wesley-Milestone-Waterproof-Backpack-Business/dp/B07K8KLB3P/ref=sr_1_35?crid=2M096C61O4MLT&keywords=bags&qid=1685206990&sprefix=ba%2Caps%2C283&sr=8-35
33,"Fur Jaden 55 LTR Rucksack Travel Backpack Bag for Trekking, Hiking with Shoe Compartment",849,4.3 out of 5 stars,"5,217",www.amazon.in/gp/bestsellers/luggage/1984997031/ref=sr_bs_3_1984997031_1
34,FUR JADEN Anti Theft Backpack 15.6 Inch Laptop Bag with USB Charging Port For Men Women Boys Girls,899,4.0 out of 5 stars,"11,085",www.amazon.in/Fur-Jaden-Black-Waterproof-Backpack/dp/B078GLXMDY/ref=sr_1_37?crid=2M096C61O4MLT&keywords=bags&qid=1685206990&sprefix=ba%2Caps%2C283&sr=8-37
35,Half Moon Aztec 37L School Bag Class 5-12 | College Bagpack for Men/College Back pack for Women | 15.6 inch Laptop Bag for Men/Backpack for Men | Spacious & Multiple Pockets,549,4.4 out of 5 stars,15,www.amazon.in/Half-Moon-Backpack-Spacious-Multiple/dp/B0C23Z9W18/ref=sr_1_38?crid=2M096C61O4MLT&keywords=bags&qid=1685206990&sprefix=ba%2Caps%2C283&sr=8-38
36,"Safari Sneak Casual Backpack with USB Charging Port 26 Ltrs Water Resistant Fabric - Grey, L (SNEAK19CBGRE)",949,3.7 out of 5 stars,928,www.amazon.in/Safari-Casual-Backpack-Charging-Resistant/dp/B09B2581S9/ref=sr_1_39?crid=2M096C61O4MLT&keywords=bags&qid=1685206990&sprefix=ba%2Caps%2C283&sr=8-39
37,"Genie Glitter Backpack for Women - 3 compartments, Laptop Bags for Girls, Stylish and Trendy College Backpacks for Girls, Water Resistant and Lightweight Bags for Office and Travelling Purpose.",889,4.3 out of 5 stars,692,www.amazon.in/Genie-Glitter-Backpack-Women-compartments/dp/B097JHQH13/ref=sr_1_40?crid=2M096C61O4MLT&keywords=bags&qid=1685206990&sprefix=ba%2Caps%2C283&sr=8-40
38,ADISA Laptop Backpack 31 Ltrs,499,4.0 out of 5 stars,"9,292",www.amazon.in/ADISA-BP004-Weight-Casual-Backpack/dp/B07G3CG9FC/ref=sr_1_41?crid=2M096C61O4MLT&keywords=bags&qid=1685206990&sprefix=ba%2Caps%2C283&sr=8-41
39,NORTH ZONE Casual Waterproof Laptop Backpack/Office Bag/School Bag/College Bag/Business Bag/Travel Backpack (Dimensions:13x18 inches) (Compatible with 39.62cm(15.6inch laptop) 30 L,569,4.0 out of 5 stars,320,www.amazon.in/NORTH-ZONE-Waterproof-Backpack-Dimensions/dp/B0BS6QQZYN/ref=sr_1_42?crid=2M096C61O4MLT&keywords=bags&qid=1685206990&sprefix=ba%2Caps%2C283&sr=8-42
40,"Artistix Talon Anti Theft Design Laptop Backpack, With USB Charging Port (46 Cm, 25L,Black)",999,4.3 out of 5 stars,"3,289",www.amazon.in/Artistix-Backpack-Anti-Theft-Charging-Resistance/dp/B082PKX18C/ref=sr_1_45?crid=2M096C61O4MLT&keywords=bags&qid=1685206990&sprefix=ba%2Caps%2C283&sr=8-45
41,URBAN CARRIER School Bag For girls school bags for boys Class 5-10 Large 4 partition 45 L Laptop Collage Office Travel Unisex Backpack,395,3.6 out of 5 stars,661,www.amazon.in/School-school-partition-Collage-Backpack/dp/B09NNYCQ1Q/ref=sr_1_46?crid=2M096C61O4MLT&keywords=bags&qid=1685206990&sprefix=ba%2Caps%2C283&sr=8-46
42,F Gear Luxur Brown 25 liter Laptop Backpack (2404),980,4.4 out of 5 stars,"16,740",www.amazon.in/F-Gear-Luxur-Brown-Backpack/dp/B01F7AX9ZA/ref=sr_1_47?crid=2M096C61O4MLT&keywords=bags&qid=1685206990&sprefix=ba%2Caps%2C283&sr=8-47
43,"TRUE HUMAN® Emperor Anti-Theft Pocket backpack With USB charging Port Laptop,office,college,travel bag for men and women(Epower)",649,3.6 out of 5 stars,36,www.amazon.in/TRUE-Emperor-Anti-Theft-backpack-charging/dp/B0BYB631NR/ref=sr_1_48?crid=2M096C61O4MLT&keywords=bags&qid=1685206990&sprefix=ba%2Caps%2C283&sr=8-48
44,Northzone Lightweight school bags Backpacks for Boys Girls Stylish men and women Casual Travel Laptop Bag College office (Black) 40L,426,3.9 out of 5 stars,73,www.amazon.in/NORTH-ZONE-Lightweight-Backpacks-Stylish/dp/B0BL3TVDK6/ref=sr_1_49?crid=2M096C61O4MLT&keywords=bags&qid=1685206990&sprefix=ba%2Caps%2C283&sr=8-49
45,Kore Regular Gym Bag,59,2.6 out of 5 stars,"1,751",www.amazon.in/Kore-K-REGULAR-GYM-BAG-Regular-Gym-Bag/dp/B09VLK27NF/ref=sr_1_50?crid=2M096C61O4MLT&keywords=bags&qid=1685206990&sprefix=ba%2Caps%2C283&sr=8-50
46,"Mi Step Out 12 L Mini Backpack (Small Size, Dark Blue, Water Repellant)",398,4.1 out of 5 stars,"9,018",www.amazon.in/Step-Backpack-Small-Water-Repellant/dp/B088XH1BP7/ref=sr_1_51?crid=2M096C61O4MLT&keywords=bags&qid=1685206990&sprefix=ba%2Caps%2C283&sr=8-51
47,POLICE Backpack for Men Casual Laptop Bag Office/Travel/College 30 Ltr Hedge Polyester - Black,"1,399",4.1 out of 5 stars,"5,536",www.amazon.in/Police-Polyester-laptop-casual-backpack/dp/B09CQ5T3LN/ref=sr_1_52?crid=2M096C61O4MLT&keywords=bags&qid=1685206990&sprefix=ba%2Caps%2C283&sr=8-52
48,"Amazon Brand - Solimo Laptop Backpack for 15.6-inch Laptops (27 litres, Black)",549,3.9 out of 5 stars,"1,322",www.amazon.in/Amazon-Brand-Backpack-15-6-inch-Laptops/dp/B076QFBFRG/ref=sr_1_51?crid=2M096C61O4MLT&keywords=bags&qid=1685206992&sprefix=ba%2Caps%2C283&sr=8-51
49,"Artistix Talon Anti Theft Design Laptop Backpack, With USB Charging Port (46 Cm, 25L,Black)",999,4.3 out of 5 stars,"3,289",www.amazon.in/Artistix-Backpack-Anti-Theft-Charging-Resistance/dp/B082PKX18C/ref=sr_1_52?crid=2M096C61O4MLT&keywords=bags&qid=1685206992&sprefix=ba%2Caps%2C283&sr=8-52
50,"Mi Step Out 12 L Mini Backpack (Small Size, Black, Water Repellant)",398,4.1 out of 5 stars,"9,018",www.amazon.in/Backpack-Small-Black-Water-Repellant/dp/B088XB5XY8/ref=sr_1_53?crid=2M096C61O4MLT&keywords=bags&qid=1685206992&sprefix=ba%2Caps%2C283&sr=8-53
51,F Gear Colorado Grey Orange 39 Ltrs Laptop Backpack (3814),728,4.3 out of 5 stars,160,www.amazon.in/Gear-Colorado-Orange-Laptop-Backpack/dp/B097K6KD7W/ref=sr_1_54?crid=2M096C61O4MLT&keywords=bags&qid=1685206992&sprefix=ba%2Caps%2C283&sr=8-54
52,"Mi Step Out 12 L Mini Backpack (Small Size, Dark Blue, Water Repellant)",398,4.1 out of 5 stars,"9,018",www.amazon.in/Step-Backpack-Small-Water-Repellant/dp/B088XH1BP7/ref=sr_1_55?crid=2M096C61O4MLT&keywords=bags&qid=1685206992&sprefix=ba%2Caps%2C283&sr=8-55
53,"AirCase Laptop Bag Backpack Case Pouch for Laptop Backpack for Men & Women,Premium Vegan Leather",929,3.8 out of 5 stars,808,www.amazon.in/AirCase-C34-Laptop-Backpack-Women/dp/B07QN4KXWG/ref=sr_1_56?crid=2M096C61O4MLT&keywords=bags&qid=1685206992&sprefix=ba%2Caps%2C283&sr=8-56
54,"Lenovo 15.6"" Casual Backpack B210",749,4.2 out of 5 stars,"27,023",www.amazon.in/Lenovo-Laptop-Backpack-15-6-Inch-GX40Q17225/dp/B075Y72PHZ/ref=sr_1_57?crid=2M096C61O4MLT&keywords=bags&qid=1685206992&sprefix=ba%2Caps%2C283&sr=8-57
55,TRAWOC 80L Travel Backpack for Outdoor Sport Camp Hiking Trekking Bag Camping Rucksack HK007 (PARENT) 1 Year Warranty,"2,332",4.4 out of 5 stars,"7,206",www.amazon.in/TRAWOC-Backpack-Trekking-Rucksack-Warranty/dp/B0847PGZZM/ref=sr_1_58?crid=2M096C61O4MLT&keywords=bags&qid=1685206992&sprefix=ba%2Caps%2C283&sr=8-58
56,"Fur Jaden 15.6 Inch Laptop Backpack 25 LTR Bag for School, College and Office with USB Charging Port",499,3.9 out of 5 stars,"10,175",www.amazon.in/Casual-Backpack-Charging-Laptop-Compartment/dp/B07J46KLFP/ref=sr_1_61?crid=2M096C61O4MLT&keywords=bags&qid=1685206992&sprefix=ba%2Caps%2C283&sr=8-61
57,"Hammonds Flycatcher Genuine Leather Laptop Bag for Men/Office Bag for Men, Brown | Fits Upto 16 Inch Laptop/MacBook| Leather Bag with Shoulder Straps | Laptop Messenger Bag/Leather Bag for Men |","2,591",4.3 out of 5 stars,"4,898",www.amazon.in/HAMMONDS-FLYCATCHER-Genuine-Shoulder-Messenger/dp/B07P2TQH78/ref=sr_1_62?crid=2M096C61O4MLT&keywords=bags&qid=1685206992&sprefix=ba%2Caps%2C283&sr=8-62
58,Lino Perros womens handbag,"1,389",4.1 out of 5 stars,"3,279",www.amazon.in/Lino-Perros-Womens-Floral-Peach/dp/B0B57B7KV7/ref=sr_1_63?crid=2M096C61O4MLT&keywords=bags&qid=1685206992&sprefix=ba%2Caps%2C283&sr=8-63
59,Kore Regular Gym Bag,59,2.6 out of 5 stars,"1,751",www.amazon.in/Kore-K-REGULAR-GYM-BAG-Regular-Gym-Bag/dp/B09VLK27NF/ref=sr_1_64?crid=2M096C61O4MLT&keywords=bags&qid=1685206992&sprefix=ba%2Caps%2C283&sr=8-64
60,TSPARK Red Lemon bg1905 15.6 inch 35 LTR Capacity Laptop Bag for Men Travelling Hiking Backpack for Men and Women,"2,949",4.3 out of 5 stars,84,www.amazon.in/bg1905-Capacity-Laptop-Travelling-Backpack/dp/B082MKHDJ1/ref=sr_1_65?crid=2M096C61O4MLT&keywords=bags&qid=1685206992&sprefix=ba%2Caps%2C283&sr=8-65
61,ADISA 32L Large Laptop Backpack Office Bag College Travel Back Pack with rain Cover (Black),599,3.8 out of 5 stars,144,www.amazon.in/ADISA-Laptop-Backpack-Office-College/dp/B0BPTV3795/ref=sr_1_66?crid=2M096C61O4MLT&keywords=bags&qid=1685206992&sprefix=ba%2Caps%2C283&sr=8-66
62,Wildcraft Casual backpack 45L (12956),"1,549",4.6 out of 5 stars,3,www.amazon.in/Wildcraft-Casual-backpack-45L-12956/dp/B0BZVCHKTD/ref=sr_1_67_mod_primary_new?crid=2M096C61O4MLT&keywords=bags&qid=1685206992&sbo=RZvfv%2F%2FHxDF%2BO5021pAnSA%3D%3D&sprefix=ba%2Caps%2C283&sr=8-67
63,Wesley Spartan Unisex Travel Hiking Laptop Bag fits Upto 17.3 inch with Raincover and Internal Organiser Backpack Rucksack College Bag,698,4.1 out of 5 stars,"1,282",www.amazon.in/Wesley-Spartan-Hiking-Raincover-Organiser/dp/B098QFF5TJ/ref=sr_1_68?crid=2M096C61O4MLT&keywords=bags&qid=1685206992&sprefix=ba%2Caps%2C283&sr=8-68
64,NORTH ZONE Casual Waterproof Laptop Backpack/Office Bag/School Bag/College Bag/Business Bag/Travel Backpack (Dimensions:13x18 inches) (Compatible with 39.62cm(15.6inch laptop) 30 L,569,4.0 out of 5 stars,320,www.amazon.in/NORTH-ZONE-Waterproof-Backpack-Dimensions/dp/B0BS6QM2GD/ref=sr_1_67?crid=2M096C61O4MLT&keywords=bags&qid=1685206993&sprefix=ba%2Caps%2C283&sr=8-67
65,Lino Perros womens handbag,"1,389",4.1 out of 5 stars,"3,279",www.amazon.in/Lino-Perros-Womens-Floral-Peach/dp/B0B57B7KV7/ref=sr_1_68?crid=2M096C61O4MLT&keywords=bags&qid=1685206993&sprefix=ba%2Caps%2C283&sr=8-68
66,Bennett™ Mystic 15.6 inch (39.6cm) Laptop Briefcase Shoulder Sling Office Business Professional Travel Messenger Bag for Men and Women Water Repellent Formal Executive Bags (Grey) 6 Months Warranty,499,4.0 out of 5 stars,"5,758",www.amazon.in/BennettTM-Mystic-Shoulder-Messenger-Repellent/dp/B09321GJXZ/ref=sr_1_69?crid=2M096C61O4MLT&keywords=bags&qid=1685206993&sprefix=ba%2Caps%2C283&sr=8-69
67,MOKOBARA The Transit Backpack Laptop Bag for Men and Women,"5,999",4.5 out of 5 stars,594,www.amazon.in/Mokobara-Transit-Backpack-Laptop-Sunray/dp/B09V7R98XC/ref=sr_1_70?crid=2M096C61O4MLT&keywords=bags&qid=1685206993&sprefix=ba%2Caps%2C283&sr=8-70
68,Gear Vintage2 28L Faux Leather Water Resistant Anti Theft Laptop Bag/Backpack for Men/Women-Black,990,4.4 out of 5 stars,"1,772",www.amazon.in/Gear-Vintage2-Leather-Backpack-LBPVG2LTH0101/dp/B07G44G1DC/ref=sr_1_71?crid=2M096C61O4MLT&keywords=bags&qid=1685206993&sprefix=ba%2Caps%2C283&sr=8-71
69,NIVIA Beast Gym Bag-4 Polyester/Unisex Gym Bags/Shoulder Bag for Men & Women with Separate Shoes Compartment/Carry Gym Accessories/Fitness Bag/Sports & Travel Bag/Sports Kit,409,4.2 out of 5 stars,"3,294",www.amazon.in/Nivia-5183-Polyester-Duffle-Medium/dp/B071KNXQ7Y/ref=sr_1_72?crid=2M096C61O4MLT&keywords=bags&qid=1685206993&sprefix=ba%2Caps%2C283&sr=8-72
70,Half Moon 30L Waterproof 15.6 inch Laptop Office School College Bag Backpack for Men Women Boys & Girls,589,3.7 out of 5 stars,358,www.amazon.in/Half-Moon-Waterproof-Laptop-Backpack/dp/B09QM9N1B3/ref=sr_1_73?crid=2M096C61O4MLT&keywords=bags&qid=1685206993&sprefix=ba%2Caps%2C283&sr=8-73
71,NIVIA Basic Duffle Polyester Bag/Gym Bags/Adjustable Shoulder Bag for Men/Duffle Gym Bags for Men/Fitness Bag/Carry Bags/Sports & Travel Bag/Sports Kit/Duffle Bags Travel,269,4.0 out of 5 stars,"3,456",www.amazon.in/Nivia-6853-Polyester-Basic-Duffle/dp/B07FWQ9HRV/ref=sr_1_74?crid=2M096C61O4MLT&keywords=bags&qid=1685206993&sprefix=ba%2Caps%2C283&sr=8-74
72,DZert Clasy Laptop Bag College Bag for Boys Girls 21 L Nevy Blue,339,3.8 out of 5 stars,"2,401",www.amazon.in/DZert-Girls-Polyester-White-Backpack/dp/B07H1BPCGQ/ref=sr_1_77?crid=2M096C61O4MLT&keywords=bags&qid=1685206993&sprefix=ba%2Caps%2C283&sr=8-77
73,Wildcraft Work Packs'18 21 Ltrs Black Laptop Backpack (Streak Plus),"1,549",4.4 out of 5 stars,"1,944",www.amazon.in/Wildcraft-Packs18-Laptop-Backpack-Streak/dp/B07FC4D9B5/ref=sr_1_78?crid=2M096C61O4MLT&keywords=bags&qid=1685206993&sprefix=ba%2Caps%2C283&sr=8-78
74,"Mi Step Out 12 L Mini Backpack (Small Size, Dark Blue, Water Repellant)",398,4.1 out of 5 stars,"9,018",www.amazon.in/Step-Backpack-Small-Water-Repellant/dp/B088XH1BP7/ref=sr_1_79?crid=2M096C61O4MLT&keywords=bags&qid=1685206993&sprefix=ba%2Caps%2C283&sr=8-79
75,Boldfit Waist Bag for Men Fanny Pack for Women Fanny Pack for Men Waist Bag for Women Chest Bag for Women Waist Pouch for Men Waist Bag for Boys Waist Bags for Girls Fanny Bag - Black,299,4.4 out of 5 stars,632,www.amazon.in/gp/bestsellers/luggage/2917440031/ref=sr_bs_15_2917440031_1
76,ADISA 15.6 inch Laptop Backpack Office Bag College Travel Back Pack 32 Ltrs (z-Teal),499,3.9 out of 5 stars,812,www.amazon.in/ADISA-Laptop-Backpack-Office-College/dp/B09TPVD964/ref=sr_1_81?crid=2M096C61O4MLT&keywords=bags&qid=1685206993&sprefix=ba%2Caps%2C283&sr=8-81
77,"Lenovo 15.6"" Casual Backpack B210",749,4.2 out of 5 stars,"27,023",www.amazon.in/Lenovo-Laptop-Backpack-15-6-Inch-GX40Q17225/dp/B075Y72PHZ/ref=sr_1_82?crid=2M096C61O4MLT&keywords=bags&qid=1685206993&sprefix=ba%2Caps%2C283&sr=8-82
78,"Tabelito® Casual Laptop Bag 15.6inch (39.6 cm) , 25 LTR Office College School Bags Business Travel Backpack for Men Women Water Resistant Bags(BLACK)",549,4.1 out of 5 stars,"1,736",www.amazon.in/Tabelito-Laptop-Backpack-15-6-inch-Repellent/dp/B08Y5S6C2P/ref=sr_1_83?crid=2M096C61O4MLT&keywords=bags&qid=1685206993&sprefix=ba%2Caps%2C283&sr=8-83
79,"Fur Jaden 15.6 Inch Laptop Backpack 25 LTR Bag for School, College and Office with USB Charging Port",499,3.9 out of 5 stars,"10,175",www.amazon.in/Casual-Backpack-Charging-Laptop-Compartment/dp/B07J46KLFP/ref=sr_1_84?crid=2M096C61O4MLT&keywords=bags&qid=1685206993&sprefix=ba%2Caps%2C283&sr=8-84
80,NIVIA Beast Gym Bag-4 Polyester/Unisex Gym Bags/Shoulder Bag for Men & Women with Separate Shoes Compartment/Carry Gym Accessories/Fitness Bag/Sports & Travel Bag/Sports Kit,409,4.2 out of 5 stars,"3,294",www.amazon.in/Nivia-5183-Polyester-Duffle-Medium/dp/B071KNXQ7Y/ref=sr_1_83?crid=2M096C61O4MLT&keywords=bags&qid=1685206995&sprefix=ba%2Caps%2C283&sr=8-83
81,"Sfane Polyester 9.05 Black Men & Women Trendy Black Sports Duffle Gym Bag, Shoulder Bag",325,4.2 out of 5 stars,"1,028",www.amazon.in/Sfane-Women-Trendy-Black-Duffel/dp/B07GCR84D9/ref=sr_1_84?crid=2M096C61O4MLT&keywords=bags&qid=1685206995&sprefix=ba%2Caps%2C283&sr=8-84
82,Lenovo 15.6-inch Casual Laptop Briefcase T210,799,4.2 out of 5 stars,"19,512",www.amazon.in/Lenovo-Carrying-15-6-Inch-Toploader-GX40Q17229/dp/B075Y6Y9H5/ref=sr_1_85?crid=2M096C61O4MLT&keywords=bags&qid=1685206995&sprefix=ba%2Caps%2C283&sr=8-85
83,ADISA Large Laptop Backpack Office Bag College Travel Back Pack with USB (Black),499,4.0 out of 5 stars,41,www.amazon.in/ADISA-Laptop-Backpack-Office-College/dp/B0BXQZ6Q85/ref=sr_1_86?crid=2M096C61O4MLT&keywords=bags&qid=1685206995&sprefix=ba%2Caps%2C283&sr=8-86
84,Wildcraft Turnaround Polyester 14 inch 27 Ltrs Blue Laptop Bag (8903340000000),"1,797",4.3 out of 5 stars,"3,292",www.amazon.in/Wildcraft-Turnaround-Polyester-Laptop-8903340000000/dp/B012D4QWES/ref=sr_1_87?crid=2M096C61O4MLT&keywords=bags&qid=1685206995&sprefix=ba%2Caps%2C283&sr=8-87
85,Wildcraft Casual backpack 45L (12956),"1,549",4.6 out of 5 stars,3,www.amazon.in/Wildcraft-Casual-backpack-45L-12956/dp/B0BZVCHKTD/ref=sr_1_88_mod_primary_new?crid=2M096C61O4MLT&keywords=bags&qid=1685206995&sbo=RZvfv%2F%2FHxDF%2BO5021pAnSA%3D%3D&sprefix=ba%2Caps%2C283&sr=8-88
86,ADISA 32L Large Laptop Backpack Office Bag College Travel Back Pack with rain Cover (Navy),599,3.8 out of 5 stars,144,www.amazon.in/ADISA-Laptop-Backpack-Office-College/dp/B0BPTT2HZY/ref=sr_1_89?crid=2M096C61O4MLT&keywords=bags&qid=1685206995&sprefix=ba%2Caps%2C283&sr=8-89
87,Arctic Hunter Backpack Premium Business Backpack for Men Office Travel Laptop Bag with 15.6 Inch Laptop Pocket Water/Scratch-resistant Multiple Pocket Padded College Backpack for Men,"5,699",4.3 out of 5 stars,99,www.amazon.in/Backpack-Business-Scratch-resistant-Multiple-Comfortable/dp/B0B6FNPN76/ref=sr_1_90?crid=2M096C61O4MLT&keywords=bags&qid=1685206995&sprefix=ba%2Caps%2C283&sr=8-90
88,Gear Workspace 18L Water Resistant Laptop Bag/Backpack/Office Bag for Men/Women-Black,875,4.2 out of 5 stars,313,www.amazon.in/Gear-Workspace-Briefcase-Black-Red-BKPWRPHYD0101/dp/B097KGL2M5/ref=sr_1_93?crid=2M096C61O4MLT&keywords=bags&qid=1685206995&sprefix=ba%2Caps%2C283&sr=8-93
89,"SHALIMAR large capacity Travel bag / Storage bag / Move-in bags/ Duffel Bag - Strong, Durable , Foldable and Water Resistant ( Pack of 1 ) ( Blue )",259,4.0 out of 5 stars,399,www.amazon.in/Shalimar-Capacity-Travel-Storage-Duffel/dp/B09TPHFMX7/ref=sr_1_94?crid=2M096C61O4MLT&keywords=bags&qid=1685206995&sprefix=ba%2Caps%2C283&sr=8-94
90,"TRUE HUMAN® Emperor Anti-Theft backpack with combination lock Laptop bag,office bag for Men and Women | College Bags for Girls & Boys (Zyden)",649,3.7 out of 5 stars,"1,129",www.amazon.in/TRUE-HUMAN-Anti-Theft-backpack-combination/dp/B09VCHV6T5/ref=sr_1_95?crid=2M096C61O4MLT&keywords=bags&qid=1685206995&sprefix=ba%2Caps%2C283&sr=8-95
91,Tabelito® Laptop Bag For Men and women Briefcase 15.6 Inch (39.6 cm) Messenger Side Shoulder Travel bags for mens Water Resistant gifts office bag for men,549,4.0 out of 5 stars,"2,560",www.amazon.in/Tabelito-Office-Laptop-Briefcase-Women/dp/B08FKXCJNQ/ref=sr_1_96?crid=2M096C61O4MLT&keywords=bags&qid=1685206995&sprefix=ba%2Caps%2C283&sr=8-96
92,FATMUG Laptop Bag For Men - Convertible Backpack For Office And Travel (Light Grey Oxford Fabric),"1,499",4.4 out of 5 stars,"1,923",www.amazon.in/FATMUG-Laptop-Bag-Men-Convertible/dp/B084LFX8ZZ/ref=sr_1_97?crid=2M096C61O4MLT&keywords=bags&qid=1685206995&sprefix=ba%2Caps%2C283&sr=8-97
93,Wildcraft Work Packs'18 21 Ltrs Black Laptop Backpack (Streak Plus),"1,549",4.4 out of 5 stars,"1,944",www.amazon.in/Wildcraft-Packs18-Laptop-Backpack-Streak/dp/B07FC4D9B5/ref=sr_1_98?crid=2M096C61O4MLT&keywords=bags&qid=1685206995&sprefix=ba%2Caps%2C283&sr=8-98
94,NIVIA Deflate Round 01 Polyester Gym Bag/Unisex Gym Bags/Adjustable Shoulder Bag for Men/Duffle Gym Bags for Men/Carry Gym Accessories/Fitness Bag/Sports &Travel Bag/Gym kit Bag,369,4.2 out of 5 stars,"7,548",www.amazon.in/Nivia-Deflate-5180BK-Polyester-Round/dp/B07222KX3S/ref=sr_1_99?crid=2M096C61O4MLT&keywords=bags&qid=1685206995&sprefix=ba%2Caps%2C283&sr=8-99
95,American Tourister Casual Backpack,"1,249",4.1 out of 5 stars,"15,017",www.amazon.in/American-Tourister-AMT-SCH-BAG02/dp/B07CGLDV2C/ref=sr_1_100?crid=2M096C61O4MLT&keywords=bags&qid=1685206995&sprefix=ba%2Caps%2C283&sr=8-100
96,Wildcraft Turnaround Polyester 14 inch 27 Ltrs Blue Laptop Bag (8903340000000),"1,797",4.3 out of 5 stars,"3,292",www.amazon.in/Wildcraft-Turnaround-Polyester-Laptop-8903340000000/dp/B012D4QWES/ref=sr_1_99?crid=2M096C61O4MLT&keywords=bags&qid=1685206997&sprefix=ba%2Caps%2C283&sr=8-99
97,"Bennett Casual Laptop Bag school bags for boys girls 15.6-inch, 25 LTR Office & College bags for mens Water Repellent Backpack for Men & Women (GREY)",512,3.9 out of 5 stars,578,www.amazon.in/Bennett-15-6-inch-College-Repellent-Backpack/dp/B09WZKHSDR/ref=sr_1_100?crid=2M096C61O4MLT&keywords=bags&qid=1685206997&sprefix=ba%2Caps%2C283&sr=8-100
98,"SFANE Polyester 23 cms Navy Blue Gym Bag, Shoulder Bag, Sports Bag for Men & Women with Separate Shoes Compartment (Blue)",437,4.4 out of 5 stars,"2,727",www.amazon.in/SFANE-Duffel-Shoulder-Women-Compartment/dp/B07ZC77WTW/ref=sr_1_101?crid=2M096C61O4MLT&keywords=bags&qid=1685206997&sprefix=ba%2Caps%2C283&sr=8-101
99,"DYAZO Water Resistant Camera Bag/Case Shoulder Strap Space for Photography Lens and Accessories Compatible for Nikon, Canon, Sony, Panasonic, Samsung & Other SLR/DSLR etc (Black & Silver)",599,4.5 out of 5 stars,203,www.amazon.in/gp/bestsellers/electronics/1389022031/ref=sr_bs_5_1389022031_1
100,POLICE Polyester 35 Ltr Laptop Big Low Spec Laptop Backpack - Black/Navy,"1,569",3.3 out of 5 stars,202,www.amazon.in/Police-Polyester-Laptop-Spec-Backpack/dp/B07ZB8NWTZ/ref=sr_1_103?crid=2M096C61O4MLT&keywords=bags&qid=1685206997&sprefix=ba%2Caps%2C283&sr=8-103
101,Red Lemon Arctic Hunter Mens Small Sling Bag Chest Bag Shoulder Bag Mobile Bag Side Bag with Earphone Port Water Resistant for Everyday Use Small Items and Small Electronic Product (Black),"1,299",3.7 out of 5 stars,7,www.amazon.in/Red-Lemon-Shoulder-Resistant-Electronic/dp/B0BT82BKCN/ref=sr_1_104?crid=2M096C61O4MLT&keywords=bags&qid=1685206997&sprefix=ba%2Caps%2C283&sr=8-104
102,ADISA 32L Large Laptop Backpack Office Bag College Travel Back Pack with rain Cover (Navy),599,3.8 out of 5 stars,144,www.amazon.in/ADISA-Laptop-Backpack-Office-College/dp/B0BPTT2HZY/ref=sr_1_105?crid=2M096C61O4MLT&keywords=bags&qid=1685206997&sprefix=ba%2Caps%2C283&sr=8-105
103,Gear Workspace 18L Water Resistant Laptop Bag/Backpack/Office Bag for Men/Women-Black,875,4.2 out of 5 stars,313,www.amazon.in/Gear-Workspace-Briefcase-Black-Red-BKPWRPHYD0101/dp/B097KGL2M5/ref=sr_1_106?crid=2M096C61O4MLT&keywords=bags&qid=1685206997&sprefix=ba%2Caps%2C283&sr=8-106
104,"SHALIMAR large capacity Travel bag / Storage bag / Move-in bags/ Duffel Bag - Strong, Durable , Foldable and Water Resistant ( Pack of 1 ) ( Blue )",259,4.0 out of 5 stars,399,www.amazon.in/Shalimar-Capacity-Travel-Storage-Duffel/dp/B09TPHFMX7/ref=sr_1_109?crid=2M096C61O4MLT&keywords=bags&qid=1685206997&sprefix=ba%2Caps%2C283&sr=8-109
105,HEROZ Hammer Unisex Nylon 35 L Travel Laptop Backpack Water Resistant Slim Durable Fits Up to 17.3 Inch Laptop Notebook (Black),"1,199",4.2 out of 5 stars,"1,132",www.amazon.in/HEROZ-Backpack-Resistant-Durable-Notebook/dp/B09B7KC93T/ref=sr_1_110?crid=2M096C61O4MLT&keywords=bags&qid=1685206997&sprefix=ba%2Caps%2C283&sr=8-110
106,"POLESTAR Noble 32 L Bag for College, School, Office, Casual Multipurpose Backpack with 15.6"" Laptop Compartment, Water Resistant, Unisex Design, Stylish & Durable, 1 Year Warranty",579,3.9 out of 5 stars,"17,561",www.amazon.in/POLESTAR-Casual-bagpack-School-Backpack/dp/B07PQQ8M7B/ref=sr_1_111?crid=2M096C61O4MLT&keywords=bags&qid=1685206997&sprefix=ba%2Caps%2C283&sr=8-111
107,HEROZ Hacker 50 litres Nylon Travel Laptop Backpack Water Resistant Slim Durable Computer Book Bag Tracking Fits Up to 17.3-inch Laptop (058- ALL) (Navy Blue),"1,599",4.2 out of 5 stars,"3,800",www.amazon.in/HEROZ-Backpack-Resistant-Computer-17-3-inch/dp/B083N3DCTM/ref=sr_1_112?crid=2M096C61O4MLT&keywords=bags&qid=1685206997&sprefix=ba%2Caps%2C283&sr=8-112
108,"Amazon Brand - Solimo Laptop Backpack for 15.6-inch Laptops (27 litres, Black)",549,3.9 out of 5 stars,"1,322",www.amazon.in/Amazon-Brand-Backpack-15-6-inch-Laptops/dp/B076QFBFRG/ref=sr_1_113?crid=2M096C61O4MLT&keywords=bags&qid=1685206997&sprefix=ba%2Caps%2C283&sr=8-113
109,Bagneeds Men's Black Synthetic Leather Briefcase Best Laptop Messenger Bag Satchel for Men,789,4.1 out of 5 stars,"4,262",www.amazon.in/Bagneeds-Synthetic-Leather-Briefcase-Messenger/dp/B0855F8174/ref=sr_1_114?crid=2M096C61O4MLT&keywords=bags&qid=1685206997&sprefix=ba%2Caps%2C283&sr=8-114
110,Lavie Women's Pavo Tote Bag | Ladies Purse Handbag,760.,4.1 out of 5 stars,"4,750",www.amazon.in/Lavie-Pavo-Womens-Tote-Navy/dp/B07YY1PJ3H/ref=sr_1_115?crid=2M096C61O4MLT&keywords=bags&qid=1685206997&sprefix=ba%2Caps%2C283&sr=8-115
111,DZert Clasy Laptop Bag College Bag for Boys Girls 21 L Black,339,3.8 out of 5 stars,"2,401",www.amazon.in/DZert-Polyester-Black-White-Laptop/dp/B07H193V57/ref=sr_1_116?crid=2M096C61O4MLT&keywords=bags&qid=1685206997&sprefix=ba%2Caps%2C283&sr=8-116
112,SKYBAGS Campus Grey Logo Print College Laptop Backpack 30L,"1,899",4.2 out of 5 stars,291,www.amazon.in/SKYBAGS-Campus-College-Laptop-Backpack/dp/B084258ZD8/ref=sr_1_115?crid=2M096C61O4MLT&keywords=bags&qid=1685206999&sprefix=ba%2Caps%2C283&sr=8-115
113,ASTRID Blue Diamond Textured Cotton Tote Bag,599,4.3 out of 5 stars,131,www.amazon.in/ASTRID-Blue-Diamond-Textured-Cotton/dp/B08W5DQ33D/ref=sr_1_116?crid=2M096C61O4MLT&keywords=bags&qid=1685206999&sprefix=ba%2Caps%2C283&sr=8-116
114,Bennett™ Mystic Unisex Adult Men's Laptop Bag 15.6 inch Side Shoulder Briefcase Satchel Messenger Business Bags for Men & Women Front Pocket for Laptop Accessories - Black (6 Month Warranty),512,4.0 out of 5 stars,"5,758",www.amazon.in/BennettTM-Shoulder-Messenger-Repellent-Charcoal/dp/B09CV24TMK/ref=sr_1_117?crid=2M096C61O4MLT&keywords=bags&qid=1685206999&sprefix=ba%2Caps%2C283&sr=8-117
115,TSPARK Red Lemon bg1905 15.6 inch 35 LTR Capacity Laptop Bag for Men Travelling Hiking Backpack for Men and Women,"2,949",4.3 out of 5 stars,84,www.amazon.in/bg1905-Capacity-Laptop-Travelling-Backpack/dp/B082MKHDJ1/ref=sr_1_118?crid=2M096C61O4MLT&keywords=bags&qid=1685206999&sprefix=ba%2Caps%2C283&sr=8-118
116,Gear Classic 20L Faux Leather Water Resistant Anti Theft Laptop Bag/Backpack for Men/Women-Black,990,4.4 out of 5 stars,"2,671",www.amazon.in/Gear-Classic-Leather-Backpack-LBPCLSLTH0101/dp/B07G4D13LB/ref=sr_1_119?crid=2M096C61O4MLT&keywords=bags&qid=1685206999&sprefix=ba%2Caps%2C283&sr=8-119
117,"POLESTAR Xplore 55 LTR Rucksack Travel Backpack for Hiking/Camping/Luggage, Trekking Bag with Shoe Compartment, Extra Durable Water-Resistant Bag with Rain Cover, 1 Year Warranty",849,4.1 out of 5 stars,"12,845",www.amazon.in/POLESTAR-XPLORE-Rucksack-Trekking-Backpack/dp/B07RC94TG8/ref=sr_1_120?crid=2M096C61O4MLT&keywords=bags&qid=1685206999&sprefix=ba%2Caps%2C283&sr=8-120
118,Gear Workspace 18L Water Resistant Laptop Bag/Backpack/Office Bag for Men/Women-Black,875,4.2 out of 5 stars,313,www.amazon.in/Gear-Workspace-Briefcase-Black-Red-BKPWRPHYD0101/dp/B097KGL2M5/ref=sr_1_121?crid=2M096C61O4MLT&keywords=bags&qid=1685206999&sprefix=ba%2Caps%2C283&sr=8-121
119,"Lunar's 35 L Laptop Office/School/Travel/Business Backpack Water Proof - Fits Up to 15.6 Inch Laptop Notebook, With Raincover, Inside Organiser and 1 Year Warranty (All)",849,3.8 out of 5 stars,"1,086",www.amazon.in/Lunars-Router-Resistant-Raincover-Organiser/dp/B08YR63B9M/ref=sr_1_122?crid=2M096C61O4MLT&keywords=bags&qid=1685206999&sprefix=ba%2Caps%2C283&sr=8-122
120,HOT SHOT Kids Bag 032|Unicorn Bag|School Bag|2TO5 Years|BOY & Girl|12 Liters Preschool & Nursery Waterproof Plush Bag,287,3.9 out of 5 stars,56,www.amazon.in/HOT-SHOT-032-Preschool-Waterproof/dp/B0BRSKKZ1W/ref=sr_1_125?crid=2M096C61O4MLT&keywords=bags&qid=1685206999&sprefix=ba%2Caps%2C283&sr=8-125
121,Martucci 15.6 inch 30 L Casual Waterproof Laptop Backpack/Office Bag/School Bag/College Bag/Business Bag/Unisex Travel Backpack(Black),549,3.9 out of 5 stars,"7,502",www.amazon.in/Martucci-Casual-Travelling-Laptop-Backpack/dp/B088B4P6ZW/ref=sr_1_126?crid=2M096C61O4MLT&keywords=bags&qid=1685206999&sprefix=ba%2Caps%2C283&sr=8-126
122,DZert Kids School Bag Soft Plush Backpacks Cartoon Boys Girls Baby (2-5 Years),225,3.7 out of 5 stars,"3,101",www.amazon.in/DZert-Kids-Grey-School-Years/dp/B07QD1M3R9/ref=sr_1_127?crid=2M096C61O4MLT&keywords=bags&qid=1685206999&sprefix=ba%2Caps%2C283&sr=8-127
123,"Bennett 15.6 inch Laptop Bag Men/Women, 25 L Water Resistant School/College Backpack with Padded Laptop Compartment for Apple/Dell/Lenovo/Asus/Hp/Mi/MacBook/Ultrabook/Thinkpad/Ideapad (Blue)",512,3.9 out of 5 stars,578,www.amazon.in/Bennett-15-6-inch-Repellent-Backpack-ben_cas_blue/dp/B09WZKB54G/ref=sr_1_128?crid=2M096C61O4MLT&keywords=bags&qid=1685206999&sprefix=ba%2Caps%2C283&sr=8-128
124,Wildcraft Turnaround Polyester 14 inch 27 Ltrs Blue Laptop Bag (8903340000000),"1,797",4.3 out of 5 stars,"3,292",www.amazon.in/Wildcraft-Turnaround-Polyester-Laptop-8903340000000/dp/B012D4QWES/ref=sr_1_129?crid=2M096C61O4MLT&keywords=bags&qid=1685206999&sprefix=ba%2Caps%2C283&sr=8-129
125,Gear Moderneco5 21L Water Resistant School Bag/Backpack/College Bag For Men/Women - Navyblue,379,3.9 out of 5 stars,"2,605",www.amazon.in/Gear-Ltrs-Casual-Backpack-MDBKPECO50504/dp/B0757K36YV/ref=sr_1_130?crid=2M096C61O4MLT&keywords=bags&qid=1685206999&sprefix=ba%2Caps%2C283&sr=8-130
126,Amazon Basics 20 ltrs Casual/Travel/College Backpack for 15.6-inch Laptop | Water Resistant Fabric,459,4.2 out of 5 stars,538,www.amazon.in/Amazon-Basics-Casual-Backpack-15-6-inch/dp/B09W4WJ1CB/ref=sr_1_131?crid=2M096C61O4MLT&keywords=bags&qid=1685206999&sprefix=ba%2Caps%2C283&sr=8-131
127,motherly Stylish Babies Diaper Bags for Mothers - Economical Version (Grey and Pink),"1,784",4.6 out of 5 stars,"5,701",www.amazon.in/Motherly-Stylish-Babies-Diaper-Mothers/dp/B07DMKJJB4/ref=sr_1_132?crid=2M096C61O4MLT&keywords=bags&qid=1685206999&sprefix=ba%2Caps%2C283&sr=8-132
128,"Amazon Basics - Laptop Backpack/College Bag/Travel Bag for 15.6-inch Laptop, Water-Resistant, Casual","1,669",3.7 out of 5 stars,18,www.amazon.in/Amazon-Basics-Professional-Backpack-15-inch-Laptop/dp/B09W4WB3K5/ref=sr_1_131?crid=2M096C61O4MLT&keywords=bags&qid=1685207000&sprefix=ba%2Caps%2C283&sr=8-131
129,Bennett™ Mystic Unisex Adult Men's Laptop Bag 15.6 inch Side Shoulder Briefcase Satchel Messenger Business Bags for Men & Women Front Pocket for Laptop Accessories - Black (6 Month Warranty),512,4.0 out of 5 stars,"5,758",www.amazon.in/BennettTM-Shoulder-Messenger-Repellent-Charcoal/dp/B09CV24TMK/ref=sr_1_132?crid=2M096C61O4MLT&keywords=bags&qid=1685207000&sprefix=ba%2Caps%2C283&sr=8-132
130,Wildcraft Turnaround Polyester 35 Ltrs Blue Laptop Bag (8903338054702),"1,765",4.3 out of 5 stars,"1,179",www.amazon.in/Wildcraft-Turnaround-Polyester-Laptop-8903338054702/dp/B012D51GXO/ref=sr_1_133?crid=2M096C61O4MLT&keywords=bags&qid=1685207000&sprefix=ba%2Caps%2C283&sr=8-133
131,ADISA 15.6 inch Laptop Backpack Office Bag College Travel Back Pack 32 Ltrs (z-Black),499,3.9 out of 5 stars,812,www.amazon.in/ADISA-Laptop-Backpack-College-z-Black/dp/B09TPY1G1W/ref=sr_1_134?crid=2M096C61O4MLT&keywords=bags&qid=1685207000&sprefix=ba%2Caps%2C283&sr=8-134
132,"Luv Lap LuvLap Baby Breast Milk Storage Bags (Pack of 25), BPA Free Disposable Milk Freezer Bags for Breast Feeding, Transparent",319,4.4 out of 5 stars,642,www.amazon.in/Storage-Disposable-Freezer-Feeding-Transparent/dp/B099ZZ57FT/ref=sr_1_135?crid=2M096C61O4MLT&keywords=bags&qid=1685207000&sprefix=ba%2Caps%2C283&sr=8-135
133,Wooum Anti Theft Laptop Bag - Backpack For Laptop and Tablet of 15.6 Inch Thick Padded Compartment - Light Weight - Water Resistance – Anti Theft (Black),474,4.8 out of 5 stars,7,www.amazon.in/Wooum-Anti-Theft-Laptop-Bag/dp/B0BYP7SJ4Q/ref=sr_1_136?crid=2M096C61O4MLT&keywords=bags&qid=1685207000&sprefix=ba%2Caps%2C283&sr=8-136
134,ADISA Light Weight Laptop Backpack 32 Ltrs,499,4.0 out of 5 stars,"5,865",www.amazon.in/ADISA-BP005-Weight-Casual-Backpack/dp/B07D8ZLTT9/ref=sr_1_137?crid=2M096C61O4MLT&keywords=bags&qid=1685207000&sprefix=ba%2Caps%2C283&sr=8-137
135,Arctic Hunter Backpack Premium Business Backpack for Men Office Travel Laptop Bag with 15.6 Inch Laptop Pocket Water/Scratch-resistant Multiple Pocket Padded College Backpack for Men,"5,699",4.3 out of 5 stars,99,www.amazon.in/Backpack-Business-Scratch-resistant-Multiple-Comfortable/dp/B0B6FNPN76/ref=sr_1_138?crid=2M096C61O4MLT&keywords=bags&qid=1685207000&sprefix=ba%2Caps%2C283&sr=8-138
136,"The Purple Tree Multifunction Waterproof Laptop Travel Backpack with Shoe Compartment, Shoulder Bag, 35 L Laptop Backpack with USB Charging, Flight Cabin Backpack, Antitheft Zipper Bag","2,499",3.5 out of 5 stars,21,www.amazon.in/Purple-Tree-Multifunction-Waterproof-Compartment/dp/B0BKSXQBXX/ref=sr_1_141?crid=2M096C61O4MLT&keywords=bags&qid=1685207000&sprefix=ba%2Caps%2C283&sr=8-141
137,Puma Unisex Gym Bag IND,619,4.0 out of 5 stars,444,www.amazon.in/PUMA-Gym-Bag-IND-Fig-CASTLEROCK/dp/B089T98TKG/ref=sr_1_142?crid=2M096C61O4MLT&keywords=bags&qid=1685207000&sprefix=ba%2Caps%2C283&sr=8-142
138,"Bennett 15.6 inch Laptop Bag Men/Women, 25 L Water Resistant School/College Backpack with Padded Laptop Compartment for Apple/Dell/Lenovo/Asus/Hp/Mi/MacBook/Ultrabook/Thinkpad/Ideapad (Blue)",512,3.9 out of 5 stars,578,www.amazon.in/Bennett-15-6-inch-Repellent-Backpack-ben_cas_blue/dp/B09WZKB54G/ref=sr_1_143?crid=2M096C61O4MLT&keywords=bags&qid=1685207000&sprefix=ba%2Caps%2C283&sr=8-143
139,"MOKOBARA Backpack 15.5"" Inch Laptop Backpack For Women (16 litres ) Improved (2022 - Model)","4,499",4.3 out of 5 stars,168,www.amazon.in/Mokobara-Backpack-litre-Brown-laptop/dp/B095PC3QPV/ref=sr_1_144?crid=2M096C61O4MLT&keywords=bags&qid=1685207000&sprefix=ba%2Caps%2C283&sr=8-144
140,Lavie Women's Betula Medium Tote Bag | Ladies Purse Handbag,959,4.1 out of 5 stars,"19,463",www.amazon.in/gp/bestsellers/shoes/1983356031/ref=sr_bs_16_1983356031_1
141,Aristrocrat Unisex Laptop Bag Grey,799,4.4 out of 5 stars,24,www.amazon.in/Aristocrat-Zeal-Unisex-Grey-Laptop/dp/B0B5YHC1W5/ref=sr_1_146?crid=2M096C61O4MLT&keywords=bags&qid=1685207000&sprefix=ba%2Caps%2C283&sr=8-146
142,F Gear Tycoon 27 Liters Laptop Backpack Sch Bag(Black),"1,149",4.3 out of 5 stars,241,www.amazon.in/F-Gear-Tycoon-Laptop-Backpack/dp/B071XJ6XV5/ref=sr_1_147?crid=2M096C61O4MLT&keywords=bags&qid=1685207000&sprefix=ba%2Caps%2C283&sr=8-147
143,ADISA Women's Girls Party Sling Bag Crossbody,399,3.7 out of 5 stars,115,www.amazon.in/ADISA-Womens-Girls-Party-Crossbody/dp/B0B2WBJ2H8/ref=sr_1_148?crid=2M096C61O4MLT&keywords=bags&qid=1685207000&sprefix=ba%2Caps%2C283&sr=8-148
144,Wildcraft 29.5 Ltrs Green Casual Backpack (11650-Green),999,4.1 out of 5 stars,357,www.amazon.in/Wildcraft-Green-Casual-Backpack-11650-Green/dp/B079DV66TY/ref=sr_1_147?crid=2M096C61O4MLT&keywords=bags&qid=1685207002&sprefix=ba%2Caps%2C283&sr=8-147
145,Okami ZenPack UNO Minimal Laptop Messenger Bag X Briefcase,"1,999",4.3 out of 5 stars,19,www.amazon.in/Okami-ZenPack-Minimal-Messenger-Briefcase/dp/B0BVZT69JN/ref=sr_1_148?crid=2M096C61O4MLT&keywords=bags&qid=1685207002&sprefix=ba%2Caps%2C283&sr=8-148
146,ASTRID Blue Diamond Textured Cotton Tote Bag,599,4.3 out of 5 stars,131,www.amazon.in/ASTRID-Blue-Diamond-Textured-Cotton/dp/B08W5DQ33D/ref=sr_1_149?crid=2M096C61O4MLT&keywords=bags&qid=1685207002&sprefix=ba%2Caps%2C283&sr=8-149
147,"FUR JADEN Anti Theft Number Lock Backpack Bag with 15.6 Inch Laptop Compartment, USB Charging Port & Organizer Pocket for Men Women Boys Girls",799,4.6 out of 5 stars,100,www.amazon.in/FUR-JADEN-Backpack-Compartment-Organizer/dp/B0BYSZ3TKW/ref=sr_1_150?crid=2M096C61O4MLT&keywords=bags&qid=1685207002&sprefix=ba%2Caps%2C283&sr=8-150
148,"POLESTAR Enzo 15.6 inch 35 LTR Casual Laptop Backpack/Office Bag/School Bag/College Bag/Business Bag/Unisex Backpack, Water Resistant and Light Weight, 1 year Warranty",619,4.2 out of 5 stars,"3,871",www.amazon.in/Polestar-Liters-Polyester-Casual-Backpack/dp/B09243WY6M/ref=sr_1_151?crid=2M096C61O4MLT&keywords=bags&qid=1685207002&sprefix=ba%2Caps%2C283&sr=8-151
149,Asus ROG BP1501 39.62 cm (15.6-inch) Gaming Laptop Backpack (Black),"1,499",4.3 out of 5 stars,925,www.amazon.in/BP1501-15-6-inch-Gaming-Laptop-Backpack/dp/B081RLHHCY/ref=sr_1_152?crid=2M096C61O4MLT&keywords=bags&qid=1685207002&sprefix=ba%2Caps%2C283&sr=8-152
150,Gear Classic 20L Faux Leather Water Resistant Anti Theft Laptop Bag/Backpack for Men/Women-Tan,990,4.4 out of 5 stars,"2,422",www.amazon.in/Classic-Leather-Laptop-Backpack-LBPCLSLTH1901/dp/B07G4CYC74/ref=sr_1_153?crid=2M096C61O4MLT&keywords=bags&qid=1685207002&sprefix=ba%2Caps%2C283&sr=8-153
151,Gear Classic 20L Faux Leather Water Resistant Anti Theft Laptop Bag/Backpack for Men/Women-Black,990,4.4 out of 5 stars,"2,671",www.amazon.in/Gear-Classic-Leather-Backpack-LBPCLSLTH0101/dp/B07G4D13LB/ref=sr_1_154?crid=2M096C61O4MLT&keywords=bags&qid=1685207002&sprefix=ba%2Caps%2C283&sr=8-154
152,FUR JADEN 15.6 Anti Theft Laptop Backpack with USB Charging Port Unisex Bag for College Office Suitable for Men Women,799,4.0 out of 5 stars,"6,008",www.amazon.in/FUR-JADEN-Waterproof-Charging-BM25_Grey/dp/B07FM9BSKW/ref=sr_1_157?crid=2M096C61O4MLT&keywords=bags&qid=1685207002&sprefix=ba%2Caps%2C283&sr=8-157
153,Half Moon 45L Hammer Waterproof Laptop Travelling Rucksack Trekking Backpack for Travel Journey bags for Men Women Boys & Girls with 17.3inch Laptop Compartment & Rain cover,"1,199",4.1 out of 5 stars,"1,226",www.amazon.in/Half-Moon-Trekking-Bags-Compartment/dp/B08PSX1LN9/ref=sr_1_158?crid=2M096C61O4MLT&keywords=bags&qid=1685207002&sprefix=ba%2Caps%2C283&sr=8-158
154,Arctic Hunter Backpack Premium Business Backpack for Men Office Travel Laptop Bag with 15.6 Inch Laptop Pocket Water/Scratch-resistant Multiple Pocket Padded College Backpack for Men,"5,699",4.3 out of 5 stars,99,www.amazon.in/Backpack-Business-Scratch-resistant-Multiple-Comfortable/dp/B0B6FNPN76/ref=sr_1_159?crid=2M096C61O4MLT&keywords=bags&qid=1685207002&sprefix=ba%2Caps%2C283&sr=8-159
155,Contacts 15 inch Everyday Laptop Versatile Backpack with USB Charging Port | Multi functional Bagpack (Grey)…,999,3.8 out of 5 stars,"1,098",www.amazon.in/CONTACTS-Backpack-Lighweight-Versatile-Charging/dp/B085WPWY1W/ref=sr_1_160?crid=2M096C61O4MLT&keywords=bags&qid=1685207002&sprefix=ba%2Caps%2C283&sr=8-160
156,ADISA 32L Large Laptop Backpack Office Bag College Travel Back Pack with rain Cover (Navy),599,4.0 out of 5 stars,23,www.amazon.in/ADISA-Laptop-Backpack-Office-College/dp/B0BVRJYD9Q/ref=sr_1_161?crid=2M096C61O4MLT&keywords=bags&qid=1685207002&sprefix=ba%2Caps%2C283&sr=8-161
157,Half Moon 55 litres Travelling Laptop Bag/Rucksack Backpack for Luggage Travel Journey Trekking Hiking Bags for Men Women Boys and Girls with Laptop Compartment & Rain Cover,899,4.0 out of 5 stars,435,www.amazon.in/Half-Moon-Travelling-Rucksack-Compartment/dp/B09WDGZ32L/ref=sr_1_162?crid=2M096C61O4MLT&keywords=bags&qid=1685207002&sprefix=ba%2Caps%2C283&sr=8-162
158,SKYBAGS Campus Grey Logo Print College Laptop Backpack 30L,"1,899",4.2 out of 5 stars,291,www.amazon.in/SKYBAGS-Campus-College-Laptop-Backpack/dp/B084258ZD8/ref=sr_1_163?crid=2M096C61O4MLT&keywords=bags&qid=1685207002&sprefix=ba%2Caps%2C283&sr=8-163
159,"Lunar's 35 L Laptop Office/School/Travel/Business Backpack Water Proof - Fits Up to 15.6 Inch Laptop Notebook, With Raincover, Inside Organiser and 1 Year Warranty (All)",849,3.8 out of 5 stars,"1,086",www.amazon.in/Lunars-Router-Resistant-Raincover-Organiser/dp/B08YR63B9M/ref=sr_1_164?crid=2M096C61O4MLT&keywords=bags&qid=1685207002&sprefix=ba%2Caps%2C283&sr=8-164
160,"Gizga Essentials Travel Toiletry Kit Bag for Men & Women, Travel Organizer Case with Handle & Hook, Premium Zipper, Multiple Pockets, Multi-Utility Pouch for Shaving Makeup Cosmetics, Light Grey",413,4.3 out of 5 stars,118,www.amazon.in/Gizga-Essentials-Organizer-Multi-Utility-Cosmetics/dp/B09WVRKYCJ/ref=sr_1_163?crid=2M096C61O4MLT&keywords=bags&qid=1685207004&sprefix=ba%2Caps%2C283&sr=8-163
161,PLAYY BAGS Large 35 L Laptop Bag/Backpack for Men Women Boys Girls Office School College Teens & Students Navy Blue,599,3.4 out of 5 stars,123,www.amazon.in/PLAYY-BAGS-Backpack-College-Students/dp/B099N8JRVJ/ref=sr_1_164?crid=2M096C61O4MLT&keywords=bags&qid=1685207004&sprefix=ba%2Caps%2C283&sr=8-164
162,Gear Classic 20L Faux Leather Water Resistant Anti Theft Laptop Bag/Backpack for Men/Women-Tan,990,4.4 out of 5 stars,"2,422",www.amazon.in/Classic-Leather-Laptop-Backpack-LBPCLSLTH1901/dp/B07G4CYC74/ref=sr_1_165?crid=2M096C61O4MLT&keywords=bags&qid=1685207004&sprefix=ba%2Caps%2C283&sr=8-165
163,"FUR JADEN Anti Theft Number Lock Backpack Bag with 15.6 Inch Laptop Compartment, USB Charging Port & Organizer Pocket for Men Women Boys Girls",799,4.6 out of 5 stars,100,www.amazon.in/FUR-JADEN-Backpack-Compartment-Organizer/dp/B0BYSZ3TKW/ref=sr_1_166?crid=2M096C61O4MLT&keywords=bags&qid=1685207004&sprefix=ba%2Caps%2C283&sr=8-166
164,FUR JADEN 15.6 Anti Theft Laptop Backpack with USB Charging Port Unisex Bag for College Office Suitable for Men Women,799,4.0 out of 5 stars,"6,008",www.amazon.in/FUR-JADEN-Waterproof-Charging-BM25_Grey/dp/B07FM9BSKW/ref=sr_1_167?crid=2M096C61O4MLT&keywords=bags&qid=1685207004&sprefix=ba%2Caps%2C283&sr=8-167
165,Half Moon 45L Hammer Waterproof Laptop Travelling Rucksack Trekking Backpack for Travel Journey bags for Men Women Boys & Girls with 17.3inch Laptop Compartment & Rain cover,"1,199",4.1 out of 5 stars,"1,226",www.amazon.in/Half-Moon-Trekking-Bags-Compartment/dp/B08PSX1LN9/ref=sr_1_168?crid=2M096C61O4MLT&keywords=bags&qid=1685207004&sprefix=ba%2Caps%2C283&sr=8-168
166,Half Moon 55 litres Travelling Laptop Bag/Rucksack Backpack for Luggage Travel Journey Trekking Hiking Bags for Men Women Boys and Girls with Laptop Compartment & Rain Cover,899,4.0 out of 5 stars,435,www.amazon.in/Half-Moon-Travelling-Rucksack-Compartment/dp/B09WDGZ32L/ref=sr_1_169?crid=2M096C61O4MLT&keywords=bags&qid=1685207004&sprefix=ba%2Caps%2C283&sr=8-169
167,ASTRID Women's Round Sling Bag with Pompoms (Brown),499,4.4 out of 5 stars,433,www.amazon.in/ASTRID-Womens-Round-Sling-Pompoms/dp/B08VS8JBNK/ref=sr_1_170?crid=2M096C61O4MLT&keywords=bags&qid=1685207004&sprefix=ba%2Caps%2C283&sr=8-170
168,CAPRIFF 32 L Casual Waterproof Laptop Bag/Backpack for Men Boys & Girls For Office School College Teens & Students with Rain Cover With adjustable Strap With 2 Compartment,499,3.8 out of 5 stars,"3,033",www.amazon.in/Capriff-Liters-Collage-travell-Backpack/dp/B084T7X2HX/ref=sr_1_173?crid=2M096C61O4MLT&keywords=bags&qid=1685207004&sprefix=ba%2Caps%2C283&sr=8-173
169,NORTH ZONE Lightweight school bags Backpacks for Boys Girls Stylish men and women Casual Travel Laptop Bag College office,568,3.9 out of 5 stars,743,www.amazon.in/NORTH-ZONE-Lightweight-Backpacks-Stylish/dp/B0BL3SPN16/ref=sr_1_174?crid=2M096C61O4MLT&keywords=bags&qid=1685207004&sprefix=ba%2Caps%2C283&sr=8-174
170,"Red Lemon Swiss Cut Design 15.6 Inch Smart Laptop Backpack Bag With USB Charging Port, Anti Theft Pocket and Accessories Organiser for Men Women Boys Girls","1,899",4.4 out of 5 stars,896,www.amazon.in/Red-Lemon-Backpack-Accessories-Organiser/dp/B0C2KRH268/ref=sr_1_175?crid=2M096C61O4MLT&keywords=bags&qid=1685207004&sprefix=ba%2Caps%2C283&sr=8-175
171,Lavie Women's Odiase Medium Satchel Bag | Ladies Purse Handbag,"1,319",4.1 out of 5 stars,"2,257",www.amazon.in/Lavie-Odiase-Womens-Satchel-Handbag/dp/B08SW9RJ75/ref=sr_1_176?crid=2M096C61O4MLT&keywords=bags&qid=1685207004&sprefix=ba%2Caps%2C283&sr=8-176
172,Asus BP1504 39.62 cm (15.6-inch) Laptop Backpack (Dark Grey),unknown,4.2 out of 5 stars,"1,627",www.amazon.in/Asus-BP1504-15-6-inch-Laptop-Backpack/dp/B0895ZZHKK/ref=sr_1_177?crid=2M096C61O4MLT&keywords=bags&qid=1685207004&sprefix=ba%2Caps%2C283&sr=8-177
173,"F Gear Blow Laptop Backpack With Rain Cover 32 Liters (Red,Grey) Sch Bag","1,014",4.4 out of 5 stars,285,www.amazon.in/F-Gear-Blow-Laptop-Backpack-Red/dp/B0749MPCFT/ref=sr_1_178?crid=2M096C61O4MLT&keywords=bags&qid=1685207004&sprefix=ba%2Caps%2C283&sr=8-178
174,"Palay Waist Bag For Unisex With Adjustable Strap, Waterproof Fanny Pack Stylish Chest Bag Bum Bag With 4-Zipper Pockets For Travel Party Festival Running Hiking",584,4.4 out of 5 stars,309,www.amazon.in/PALAY%C2%AE-Shoulder-4-Zipper-Pockets-Adjustable/dp/B08SWGFBNT/ref=sr_1_179?crid=2M096C61O4MLT&keywords=bags&qid=1685207004&sprefix=ba%2Caps%2C283&sr=8-179
175,ADISA 32L Large Laptop Backpack Office Bag College Travel Back Pack with rain Cover (Navy),599,4.0 out of 5 stars,23,www.amazon.in/ADISA-Laptop-Backpack-Office-College/dp/B0BVRJYD9Q/ref=sr_1_180?crid=2M096C61O4MLT&keywords=bags&qid=1685207004&sprefix=ba%2Caps%2C283&sr=8-180
176,"FUR JADEN 35L Weekender Travel Laptop Backpack Bag with USB Charging Port, Dual Handles, Padded Laptop Compartment","1,499",4.5 out of 5 stars,43,www.amazon.in/FUR-JADEN-Weekender-Backpack-Compartment/dp/B0BZ4XH8H5/ref=sr_1_179?crid=2M096C61O4MLT&keywords=bags&qid=1685207005&sprefix=ba%2Caps%2C283&sr=8-179
177,AmazonBasics - Casual Backpack/Office Bag/ for a 15.6-inch Laptop,699,4.2 out of 5 stars,538,www.amazon.in/AmazonBasics-Casual-Backpack-Office-15-6-inch/dp/B09W4VMZ79/ref=sr_1_180?crid=2M096C61O4MLT&keywords=bags&qid=1685207005&sprefix=ba%2Caps%2C283&sr=8-180
178,Cosmus Vogue Casual Laptop Backpack with USB Charger Port 44cm 26 Litre Grey College Bag,"1,358",4.2 out of 5 stars,"1,390",www.amazon.in/Cosmus-Casual-Backpack-Charger-College/dp/B08D7D21FV/ref=sr_1_181?crid=2M096C61O4MLT&keywords=bags&qid=1685207005&sprefix=ba%2Caps%2C283&sr=8-181
179,Gear Moderneco5 21L Water Resistant School Bag/Backpack/College Bag For Men/Women - Navyblue,379,3.9 out of 5 stars,"2,605",www.amazon.in/Gear-Ltrs-Casual-Backpack-MDBKPECO50504/dp/B0757K36YV/ref=sr_1_182?crid=2M096C61O4MLT&keywords=bags&qid=1685207005&sprefix=ba%2Caps%2C283&sr=8-182
180,"Safari Spartan 21 Ltrs Water Resistant Backpack - Blue, S (SPARTAN19CBBLU)",599,3.8 out of 5 stars,816,www.amazon.in/Safari-Spartan-Water-Resistant-Backpack/dp/B09B26MB5M/ref=sr_1_183?crid=2M096C61O4MLT&keywords=bags&qid=1685207005&sprefix=ba%2Caps%2C283&sr=8-183
181,Tabelito® Casual 15.6 Inch (39.6 cm) Water Repellent Laptop Backpack Office College School Business Travel Bag Suitable for Men Women Boys & Girls Capacity 25 Litre (Grey),549,4.1 out of 5 stars,"1,736",www.amazon.in/Tabelito-Laptop-Backpack-15-6-inch-Repellent/dp/B08Y3L4PHK/ref=sr_1_184?crid=2M096C61O4MLT&keywords=bags&qid=1685207005&sprefix=ba%2Caps%2C283&sr=8-184
182,Gear Bounce 27 Ltrs Water Resistant School Bag/Backpack/College Bag for Men/Women-Grey Orange,593,3.6 out of 5 stars,424,www.amazon.in/Gear-Bounce-Backpack-Grey-Orange-BKPBOUNCE0604/dp/B097KCLF5F/ref=sr_1_185?crid=2M096C61O4MLT&keywords=bags&qid=1685207005&sprefix=ba%2Caps%2C283&sr=8-185
183,"MOKOBARA The Work Backpack 15.6"" Inch Laptop | Travel Backpack For Men And Women","6,999",4.6 out of 5 stars,53,www.amazon.in/Mokobara-Backpack-Leather-Resistant-Laptop/dp/B0B7X81X69/ref=sr_1_186?crid=2M096C61O4MLT&keywords=bags&qid=1685207005&sprefix=ba%2Caps%2C283&sr=8-186
184,Martucci Large 35 L Backpack Spacy Unisex/College/School/Travel Backpack with Rain Cover and Reflective Strip,746,4.0 out of 5 stars,"1,142",www.amazon.in/Martucci-Laptop-Backpack-College-Reflective/dp/B0B7DT6HY3/ref=sr_1_189?crid=2M096C61O4MLT&keywords=bags&qid=1685207005&sprefix=ba%2Caps%2C283&sr=8-189
185,Tinytot 26 Ltrs 46 Cms School Backpack,697,4.1 out of 5 stars,"2,708",www.amazon.in/Tinytot-Polyester-Multicolour-School-Backpack/dp/B07KNT4WBQ/ref=sr_1_190?crid=2M096C61O4MLT&keywords=bags&qid=1685207005&sprefix=ba%2Caps%2C283&sr=8-190
186,"The Deal Men's 15.6 Inch Polyester Casual Laptop Backpack, Travel Computer Bag Water Resistant College Work School Bag (Blue)",399,3.4 out of 5 stars,477,www.amazon.in/Deal-Polyester-Backpack-Computer-Resistant/dp/B08RC39B71/ref=sr_1_191?crid=2M096C61O4MLT&keywords=bags&qid=1685207005&sprefix=ba%2Caps%2C283&sr=8-191
187,"Storite Pack of 2 Heavy Duty Canvas Grocery Shopping Bags with Reinforced Handles (40x20x33-cm, Green)",528,4.3 out of 5 stars,"2,141",www.amazon.in/Storite-Grocery-Shopping-Reinforced-40x20x33-cm/dp/B079T66RBW/ref=sr_1_192?crid=2M096C61O4MLT&keywords=bags&qid=1685207005&sprefix=ba%2Caps%2C283&sr=8-192
188,"Tabelito® HEXA 35 L Water Resistant Laptop/College/Office/School/Travel/Business Bag, Unisex Backpack for Men Women Fits Up to 15.6 Inch Laptop Notebook",599,4.9 out of 5 stars,150,www.amazon.in/Tabelito%C2%AE-Resistant-Business-Backpack-Notebook/dp/B0BSQRX838/ref=sr_1_193?crid=2M096C61O4MLT&keywords=bags&qid=1685207005&sprefix=ba%2Caps%2C283&sr=8-193
189,"PAZZO Alto 40L Casual Backpack - 3 Compartment Travel Backpack, College|School Bag with 1 Year Warranty",849,4.0 out of 5 stars,"1,738",www.amazon.in/PAZZO-Alto-40L-Casual-Backpack/dp/B07VT3F795/ref=sr_1_194?crid=2M096C61O4MLT&keywords=bags&qid=1685207005&sprefix=ba%2Caps%2C283&sr=8-194
190,Gear Turbo 45L Expandable Water Resistant Antitheft Laptop Bag/Backpack/Briefcase for Men/Women with RainCover (Grey),unknown,4.4 out of 5 stars,934,www.amazon.in/Gear-Expandable-RainCover-Grey-Black-TLPTURBO00401/dp/B097KDRZ67/ref=sr_1_195?crid=2M096C61O4MLT&keywords=bags&qid=1685207005&sprefix=ba%2Caps%2C283&sr=8-195
191,Martucci 15.6 inch 30 L Casual Waterproof Laptop Backpack/Office Bag/School Bag/College Bag/Business Bag/Unisex Travel Backpack(Navy Blue),549,3.9 out of 5 stars,"7,502",www.amazon.in/Martucci-Unisex-Waterproof-Laptop-Backpack/dp/B088B3ZVW2/ref=sr_1_196?crid=2M096C61O4MLT&keywords=bags&qid=1685207005&sprefix=ba%2Caps%2C283&sr=8-196
192,FUR JADEN Vegan Leather 30L 15.6 Inch Laptop Backpack for Men Women for Office Professionals and College Students,899,4.2 out of 5 stars,"2,292",www.amazon.in/Fur-Jaden-resistant-Backpack-BM100_Brown/dp/B07P5X6NSN/ref=sr_1_195?crid=2M096C61O4MLT&keywords=bags&qid=1685207008&sprefix=ba%2Caps%2C283&sr=8-195
193,DAHSHA Stylish Nylon Sling Cross Body Travel Bag for Business Office Messenger One Side Shoulder Carry Handbag Bag For Men & Women (35X18x25 CM-grey),694,3.9 out of 5 stars,392,www.amazon.in/DAHSHA-Multipurpose-Travel-Duffel-13X7x11-inch/dp/B07GCLJTZF/ref=sr_1_196?crid=2M096C61O4MLT&keywords=bags&qid=1685207008&sprefix=ba%2Caps%2C283&sr=8-196
194,Gear Classic 20L Faux Leather Water Resistant Anti Theft Laptop Bag/Backpack for Men/Women-Tan,990,4.4 out of 5 stars,"2,422",www.amazon.in/Classic-Leather-Laptop-Backpack-LBPCLSLTH1901/dp/B07G4CYC74/ref=sr_1_197?crid=2M096C61O4MLT&keywords=bags&qid=1685207008&sprefix=ba%2Caps%2C283&sr=8-197
195,SKYBAGS Campus Grey Logo Print College Laptop Backpack 30L,"1,899",4.2 out of 5 stars,291,www.amazon.in/SKYBAGS-Campus-College-Laptop-Backpack/dp/B084258ZD8/ref=sr_1_198?crid=2M096C61O4MLT&keywords=bags&qid=1685207008&sprefix=ba%2Caps%2C283&sr=8-198
196,"Safari Seek 32 Ltrs Overnighter Travel Laptop Backpack (Blue), Water Resistant Spacious Bag for Travelling and Camping, All-Purpose Bag for Business & Leisure","1,899",4.3 out of 5 stars,117,www.amazon.in/Safari-Overnighter-Resistant-Travelling-All-Purpose/dp/B097JM98M1/ref=sr_1_199?crid=2M096C61O4MLT&keywords=bags&qid=1685207008&sprefix=ba%2Caps%2C283&sr=8-199
197,Puma Unisex Gym Bag IND,619,4.0 out of 5 stars,444,www.amazon.in/PUMA-Gym-Bag-IND-Fig-CASTLEROCK/dp/B089T98TKG/ref=sr_1_200?crid=2M096C61O4MLT&keywords=bags&qid=1685207008&sprefix=ba%2Caps%2C283&sr=8-200
198,Wildcraft 44 cms Polyester Black Laptop Bag (8903338054290),"1,589",4.3 out of 5 stars,652,www.amazon.in/Wildcraft-Polyester-Black-Laptop-8903338054290/dp/B012D4QKHW/ref=sr_1_201?crid=2M096C61O4MLT&keywords=bags&qid=1685207008&sprefix=ba%2Caps%2C283&sr=8-201
199,"The Purple Tree Fatty Tote Bag For Women, Women Fatty Tote Bag, Handbag, Women Handbag, Women Bag, Handbag for Women, Women's Tote, Gift For Women A",599,4.1 out of 5 stars,374,www.amazon.in/Purple-Tree-Fatty-Handbag-Womens/dp/B09PQNK66Z/ref=sr_1_202?crid=2M096C61O4MLT&keywords=bags&qid=1685207008&sprefix=ba%2Caps%2C283&sr=8-202
200,WildHorn Leather 8.5 inch Sling Messenger Bag for Men I Multipurpose Crossbody Bag I Travel Bag with Adjustable Strap I DIMENSION: L- 8.5inch H- 10.5inch W- 3inch,"1,999",4.3 out of 5 stars,921,www.amazon.in/WildHorn-Genuine-Leather-Messenger-8-5inch/dp/B07GLHSB86/ref=sr_1_205?crid=2M096C61O4MLT&keywords=bags&qid=1685207008&sprefix=ba%2Caps%2C283&sr=8-205
201,Wildcraft Work Packs'18 25 Ltrs Blue Laptop Backpack (ACE),"1,623",4.4 out of 5 stars,10,www.amazon.in/Wildcraft-Packs18-Laptop-Backpack-ACE/dp/B07GS9ZWFX/ref=sr_1_206?crid=2M096C61O4MLT&keywords=bags&qid=1685207008&sprefix=ba%2Caps%2C283&sr=8-206
202,Gear Bounce 27 Ltrs Water Resistant School Bag/Backpack/College Bag for Men/Women-Grey Orange,593,3.6 out of 5 stars,424,www.amazon.in/Gear-Bounce-Backpack-Grey-Orange-BKPBOUNCE0604/dp/B097KCLF5F/ref=sr_1_207?crid=2M096C61O4MLT&keywords=bags&qid=1685207008&sprefix=ba%2Caps%2C283&sr=8-207
203,Half Moon Large 37L Laptop Bag Backpack for menं Women Boys and Girls Luggage Travel Bags with 17.3 inches Laptop Compartment & Rain Cover,749,3.9 out of 5 stars,"2,778",www.amazon.in/Half-Moon-Resistant-Backpack-Compartment/dp/B0BHX7GY16/ref=sr_1_208?crid=2M096C61O4MLT&keywords=bags&qid=1685207008&sprefix=ba%2Caps%2C283&sr=8-208
204,"Frantic Velvet Kids Soft Cartoon Animal Travelling School Bag Soft Plush Backpacks Baby Girls Boys for 2 to 5 Years Baby/Boys/Girls Nursery, Picnic,Preschool",279,3.9 out of 5 stars,"5,094",www.amazon.in/Frantic-Soft-Elephant-Velvet-Plush/dp/B07P9JFYZ5/ref=sr_1_209?crid=2M096C61O4MLT&keywords=bags&qid=1685207008&sprefix=ba%2Caps%2C283&sr=8-209
205,WILDHORN 30.7L Water Resistant Office Laptop Bag/Backpack for Men/Women I Travel/Business/College Bookbags Fit 15.6 Inch Laptop,599,2.2 out of 5 stars,4,www.amazon.in/WILDHORN-Backpack-Compartment-Business-Bookbags/dp/B09S9RQQZS/ref=sr_1_210?crid=2M096C61O4MLT&keywords=bags&qid=1685207008&sprefix=ba%2Caps%2C283&sr=8-210
206,"SKYTONE 12cms Large Capacity Cosmetic Travel Bag, Women's Makeup Travel Bag Portable Leather Cosmetics Bag, Makeup Storage Bags with Handle and Divider, Wide Opening Cosmetic/Makeup Organizer (L_Pink)",749,3.9 out of 5 stars,141,www.amazon.in/SKYTONE-Cosmetic-Bag-Cosmetics-Organizer/dp/B0BV358QKF/ref=sr_1_211?crid=2M096C61O4MLT&keywords=bags&qid=1685207008&sprefix=ba%2Caps%2C283&sr=8-211
207,AmazonBasics - Casual Backpack/Office Bag/ for a 15.6-inch Laptop,699,4.2 out of 5 stars,538,www.amazon.in/AmazonBasics-Casual-Backpack-Office-15-6-inch/dp/B09W4VMZ79/ref=sr_1_212?crid=2M096C61O4MLT&keywords=bags&qid=1685207008&sprefix=ba%2Caps%2C283&sr=8-212
208,motherly Stylish Babies Diaper Bags for Mothers - Economical Version (Grey and Pink),"1,784",4.6 out of 5 stars,"5,701",www.amazon.in/Motherly-Stylish-Babies-Diaper-Mothers/dp/B07DMKJJB4/ref=sr_1_211?crid=2M096C61O4MLT&keywords=bags&qid=1685207009&sprefix=ba%2Caps%2C283&sr=8-211
209,"Genie Flamenco Laptop Backpack for Women, 16 inches Office Bag, Sky Blue Stylish and Trendy Bag for Office and College",799,4.4 out of 5 stars,"2,997",www.amazon.in/Genie-Flamenco2-Backpack-Compatible-Resistant/dp/B08YF1XJXY/ref=sr_1_212?crid=2M096C61O4MLT&keywords=bags&qid=1685207009&sprefix=ba%2Caps%2C283&sr=8-212
210,"ah arctic hunter Laptop Bag,Messenger Bags For Men And Women Laptop Sling Bag With Handle Water-resistant Laptop Briefcase For 15.6 Inch Laptop Multiple Pockets Travel Office For Men.Black","2,849",4.5 out of 5 stars,72,www.amazon.in/Messenger-Water-resistant-Briefcase-Multiple-Men-Black/dp/B0B6G58BYC/ref=sr_1_213?crid=2M096C61O4MLT&keywords=bags&qid=1685207009&sprefix=ba%2Caps%2C283&sr=8-213
211,"WILD MODA Women's Shoulder Bag, Set of 1",849,4.2 out of 5 stars,"3,812",www.amazon.in/WILD-MODA-Womens-Shoulder-Turquoise/dp/B099PLT91X/ref=sr_1_214?crid=2M096C61O4MLT&keywords=bags&qid=1685207009&sprefix=ba%2Caps%2C283&sr=8-214
212,"House of Quirk Clear Toiletry Bag, Wash Make Up Bag PVC Waterproof Zippered Cosmetic Bag, Portable Carry Pouch for Women Men (Set of 3 Bag Pink)",475,4.4 out of 5 stars,519,www.amazon.in/House-Quirk-Toiletry-Waterproof-Zippered/dp/B09G37Y7BX/ref=sr_1_215?crid=2M096C61O4MLT&keywords=bags&qid=1685207009&sprefix=ba%2Caps%2C283&sr=8-215
213,Martucci Jersey 45L Casual Waterproof Laptop Backpack/Office Bag/School Bag/College Bag/Business Bag/Unisex Travel Backpack,809,3.7 out of 5 stars,47,www.amazon.in/Martucci-Waterproof-Backpack-College-Business/dp/B0BRJRVH6D/ref=sr_1_216?crid=2M096C61O4MLT&keywords=bags&qid=1685207009&sprefix=ba%2Caps%2C283&sr=8-216
214,Gear ECO 1 Black Orange Red Laptop Backpack,759,4.3 out of 5 stars,"1,379",www.amazon.in/Gear-Polyester-Laptop-Backpack-LBPECO1000109/dp/B012NW1H1I/ref=sr_1_217?crid=2M096C61O4MLT&keywords=bags&qid=1685207009&sprefix=ba%2Caps%2C283&sr=8-217
215,Skybags Unisex Grey Jacqard 34L Laptop Bags,990,3.7 out of 5 stars,42,www.amazon.in/Skybags-Unisex-Grey-Jacqard-Laptop/dp/B09ZV9SLBJ/ref=sr_1_218?crid=2M096C61O4MLT&keywords=bags&qid=1685207009&sprefix=ba%2Caps%2C283&sr=8-218
216,Half Moon 35 L Casual Waterproof Laptop Bag/Backpack for Men Women Boys Girls/Office School College Teens & Students with Rain Cover (18 Inch) (Sky Blue),599,3.6 out of 5 stars,55,www.amazon.in/Half-Moon-Waterproof-Backpack-Students/dp/B0BQFVH29F/ref=sr_1_221?crid=2M096C61O4MLT&keywords=bags&qid=1685207009&sprefix=ba%2Caps%2C283&sr=8-221
217,"Storite Nylon 40 Cm Imported Travel Duffle Bag, Expandable Folding Travel Bag for Women, Lightweight Waterproof Carry Weekender Overnight Luggage Bag for Travel (Pink, 40 x 23 x 45 Cm)",998,4.1 out of 5 stars,657,www.amazon.in/Storite-Travel-Bag-Lightweight-Waterproof/dp/B0B24Z8KBV/ref=sr_1_222?crid=2M096C61O4MLT&keywords=bags&qid=1685207009&sprefix=ba%2Caps%2C283&sr=8-222
218,F Gear Burner P8 19 Ltrs White Casual Laptop Backpack,692.,4.3 out of 5 stars,"3,956",www.amazon.in/F-Gear-Burner-Casual-Laptop-Backpack/dp/B016115VXW/ref=sr_1_223?crid=2M096C61O4MLT&keywords=bags&qid=1685207009&sprefix=ba%2Caps%2C283&sr=8-223
219,"Arctic Hunter Backpack,Original 41L Expandable Laptop Bag Business Travel Backpack with 17 inch Laptop Pocket 3 in 1 Convertible Laptop Backpack Tech Bag with USB Charging Port Water-resistant Multiple Compartments Large Capacity Bag for Men Women Travel Business College","3,419",4.5 out of 5 stars,494,www.amazon.in/Adjustable-Backpack-Charging-Resistant-Bussiness/dp/B084NZFNGS/ref=sr_1_224?crid=2M096C61O4MLT&keywords=bags&qid=1685207009&sprefix=ba%2Caps%2C283&sr=8-224
220,Wesley Milestone 15.6 inch 25 L Casual Waterproof Laptop Backpack/Office Bag/School Bag/College Bag/Business Bag/Unisex Travel Backpack (Black),497,4.3 out of 5 stars,"12,775",www.amazon.in/Wesley-Milestone-Waterproof-Backpack-Business/dp/B07NJRPJ6Q/ref=sr_1_225?crid=2M096C61O4MLT&keywords=bags&qid=1685207009&sprefix=ba%2Caps%2C283&sr=8-225
221,"HARISSONS Bags Vervo 15.6-inch Laptop/Travel/Casual Backpack for Men and Women with Rain Cover (Black, 40 Ltrs) | Quick Access Zippered Pocket, Detailed Organizers & a Detachable Key Chain Holder","2,960",4.3 out of 5 stars,"1,977",www.amazon.in/Harissons-Vervo-Laptop-Backpack-Built/dp/B07M5P5LW3/ref=sr_1_226?crid=2M096C61O4MLT&keywords=bags&qid=1685207009&sprefix=ba%2Caps%2C283&sr=8-226
222,DAHSHA Stylish Nylon Sling Cross Body Travel Bag for Business Office Messenger One Side Shoulder Carry Handbag Bag For Men & Women (35X18x25 CM-grey),694,3.9 out of 5 stars,392,www.amazon.in/DAHSHA-Multipurpose-Travel-Duffel-13X7x11-inch/dp/B07GCLJTZF/ref=sr_1_227?crid=2M096C61O4MLT&keywords=bags&qid=1685207009&sprefix=ba%2Caps%2C283&sr=8-227
223,Fast Travel School Bag Class 5-10 Large 4 Partition 45 L Laptop Collage Office Travel Backpack Unisex (Orange Blue),743,4.1 out of 5 stars,"1,070",www.amazon.in/Fast-Travel-partition-Collage-Backpack/dp/B09Q3LNSZK/ref=sr_1_228?crid=2M096C61O4MLT&keywords=bags&qid=1685207009&sprefix=ba%2Caps%2C283&sr=8-228
224,F Gear Sedna 27 Liters Laptop Backpack Sch Bag(Brown),"1,249",4.2 out of 5 stars,168,www.amazon.in/F-Gear-Sedna-Laptop-Backpack-Brown/dp/B072N83D9M/ref=sr_1_227?crid=2M096C61O4MLT&keywords=bags&qid=1685207011&sprefix=ba%2Caps%2C283&sr=8-227
225,ASTRID Women's 17'' Black and White Textured Laptop Bag With Accessory Pouch,999,4.0 out of 5 stars,114,www.amazon.in/ASTRID-Black-Textured-Laptop-Accessory/dp/B09Z2G37YY/ref=sr_1_228?crid=2M096C61O4MLT&keywords=bags&qid=1685207011&sprefix=ba%2Caps%2C283&sr=8-228
226,HEROZ Hacker 50 litres Nylon Travel Laptop Backpack Water Resistant Slim Durable Computer Book Bag Tracking Fits Up to 17.3-inch Laptop (058- ALL) (Navy Blue),"1,599",4.2 out of 5 stars,"3,800",www.amazon.in/HEROZ-Backpack-Resistant-Computer-17-3-inch/dp/B083N3DCTM/ref=sr_1_229?crid=2M096C61O4MLT&keywords=bags&qid=1685207011&sprefix=ba%2Caps%2C283&sr=8-229
227,"Arctic Hunter Backpack,Original 41L Expandable Laptop Bag Business Travel Backpack with 17 inch Laptop Pocket 3 in 1 Convertible Laptop Backpack Tech Bag with USB Charging Port Water-resistant Multiple Compartments Large Capacity Bag for Men Women Travel Business College","3,419",4.5 out of 5 stars,494,www.amazon.in/Adjustable-Backpack-Charging-Resistant-Bussiness/dp/B084NZFNGS/ref=sr_1_230?crid=2M096C61O4MLT&keywords=bags&qid=1685207011&sprefix=ba%2Caps%2C283&sr=8-230
228,TRUE HUMAN® 32 Ltr Laptop Backpack for Men and Women| USB Port Travel Backpack|College Bags for Girls & Boys (Blue),499,3.6 out of 5 stars,174,www.amazon.in/TRUE-HUMAN%C2%AE-Laptop-Backpack-College/dp/B0BKTQ48D5/ref=sr_1_231?crid=2M096C61O4MLT&keywords=bags&qid=1685207011&sprefix=ba%2Caps%2C283&sr=8-231
229,Beauty Girls-1518 Polyester Floral printed Designer Stylish Waterproof School/Collage/Picknic Bag-Backpack For Girls & Women (32 Lit),798,4.4 out of 5 stars,"1,070",www.amazon.in/Girls-1518-Polyester-Designer-Waterproof-Bag-Backpack/dp/B08F9QYRZB/ref=sr_1_232?crid=2M096C61O4MLT&keywords=bags&qid=1685207011&sprefix=ba%2Caps%2C283&sr=8-232
230,Martucci Jersey 45L Casual Waterproof Laptop Backpack/Office Bag/School Bag/College Bag/Business Bag/Unisex Travel Backpack,809,3.7 out of 5 stars,47,www.amazon.in/Martucci-Waterproof-Backpack-College-Business/dp/B0BRJTQR1K/ref=sr_1_233?crid=2M096C61O4MLT&keywords=bags&qid=1685207011&sprefix=ba%2Caps%2C283&sr=8-233
231,Priority Polyester 29 Cms Travel Duffle(25637_Aqua),799,4.0 out of 5 stars,"7,835",www.amazon.in/Priority-ARC-Blue-Duffle-Luggage/dp/B08FCQ4YTG/ref=sr_1_234?crid=2M096C61O4MLT&keywords=bags&qid=1685207011&sprefix=ba%2Caps%2C283&sr=8-234
232,FUR JADEN Vegan Leather 30L 15.6 Inch Laptop Backpack for Men Women for Office Professionals and College Students,899,4.2 out of 5 stars,"2,292",www.amazon.in/Fur-Jaden-resistant-Backpack-BM100_Brown/dp/B07P5X6NSN/ref=sr_1_237?crid=2M096C61O4MLT&keywords=bags&qid=1685207011&sprefix=ba%2Caps%2C283&sr=8-237
233,F Gear Colorado Navy Lmn yelw 39 Ltrs Laptop Backpack (3813),999,4.2 out of 5 stars,100,www.amazon.in/Gear-Colorado-Navy-Laptop-Backpack/dp/B097K6SPH7/ref=sr_1_238?crid=2M096C61O4MLT&keywords=bags&qid=1685207011&sprefix=ba%2Caps%2C283&sr=8-238
234,"Safari Seek 32 Ltrs Overnighter Travel Laptop Backpack (Blue), Water Resistant Spacious Bag for Travelling and Camping, All-Purpose Bag for Business & Leisure","1,899",4.3 out of 5 stars,117,www.amazon.in/Safari-Overnighter-Resistant-Travelling-All-Purpose/dp/B097JM98M1/ref=sr_1_239?crid=2M096C61O4MLT&keywords=bags&qid=1685207011&sprefix=ba%2Caps%2C283&sr=8-239
235,Lino Perros Women Handbag,"1,303",4.3 out of 5 stars,"2,645",www.amazon.in/Lino-Perros-Womens-Handbag-Black/dp/B07L4PQJ42/ref=sr_1_240?crid=2M096C61O4MLT&keywords=bags&qid=1685207011&sprefix=ba%2Caps%2C283&sr=8-240
236,"AmazonBasics Water Repellent and Wear Resistant Laptop Backpack - 24L, Blue",709,4.2 out of 5 stars,538,www.amazon.in/Amazon-Basics-Laptop-Backpack-Repellent/dp/B09W43XLBY/ref=sr_1_241?crid=2M096C61O4MLT&keywords=bags&qid=1685207011&sprefix=ba%2Caps%2C283&sr=8-241
237,Red Lemon Arctic Hunter Mens Small Sling Bag Chest Bag Shoulder Bag Mobile Bag Side Bag with Earphone Port Water Resistant for Everyday Use Small Items and Small Electronic Product (Black),"1,299",3.7 out of 5 stars,7,www.amazon.in/Red-Lemon-Shoulder-Resistant-Electronic/dp/B0BT82BKCN/ref=sr_1_242?crid=2M096C61O4MLT&keywords=bags&qid=1685207011&sprefix=ba%2Caps%2C283&sr=8-242
238,Tabelito® VOLT Casual waterproof Laptop Backpack/Office bag/School bag/College bag/Business bag/Unisex bag Travel bag Compatible with 15.6 inch Laptop 30L Bag for Men and Women - GREY,599,4.7 out of 5 stars,176,www.amazon.in/Tabelito%C2%AE-VOLT-waterproof-Backpack-Compatible/dp/B0BML7Q3J1/ref=sr_1_243?crid=2M096C61O4MLT&keywords=bags&qid=1685207011&sprefix=ba%2Caps%2C283&sr=8-243
239,"SNDIA 2-Set Multipurpose Transparent Travel Pouch Makeup Toiletry Kit Bag Cosmetic Pouch for Women Makeup Organizer Bag Plastic Box Vanity, Shaving Kit Toiletry Bag for Men (23.5x15.5x10 cm)",398,4.2 out of 5 stars,677,www.amazon.in/SNDIA-Transparent-Storage-Cosmetic-Toiletry/dp/B095PFZLJR/ref=sr_1_244?crid=2M096C61O4MLT&keywords=bags&qid=1685207011&sprefix=ba%2Caps%2C283&sr=8-244
240,HEROZ Hammer Unisex Nylon 45 L Travel Laptop Backpack Water Resistant Slim Durable Fits Up to 17.3 Inch Laptop Notebook (All) (Grey & Black),"1,499",4.3 out of 5 stars,"7,886",www.amazon.in/HEROZ-Hammer-Durable-Travel-Laptop/dp/B07MGDFT9C/ref=sr_1_243?crid=2M096C61O4MLT&keywords=bags&qid=1685207013&sprefix=ba%2Caps%2C283&sr=8-243
241,Protecta The Professional Laptop Bag Briefcase for Laptops with Screen Size Up to 15.6 Inch (Black & Indian Geometric Print),669,4.4 out of 5 stars,"1,443",www.amazon.in/Protecta-Professional-15-6-inch-Briefcase-Geometric/dp/B07GNCRCP4/ref=sr_1_244?crid=2M096C61O4MLT&keywords=bags&qid=1685207013&sprefix=ba%2Caps%2C283&sr=8-244
242,"Puma Unisex-Adult Big Cat Backpack, Fizzy Apple (9018404)",999,5.0 out of 5 stars,1,www.amazon.in/Puma-Unisex-Adult-Backpack-Fizzy-9018404/dp/B0BWF2BNBP/ref=sr_1_245?crid=2M096C61O4MLT&keywords=bags&qid=1685207013&sprefix=ba%2Caps%2C283&sr=8-245
243,"Pramadda Pure Luxury Italian Vegan Leather Croco Backpack for Men and Women | 15.6"" inch Laptop Bag for Office College Travel | Premium Bagpacks with Antique Brass Hardware (Elegant Black)","1,499",4.9 out of 5 stars,12,www.amazon.in/Pramadda-Pure-Luxury-Backpack-Bagpacks/dp/B0C2KHQ8Z1/ref=sr_1_246?crid=2M096C61O4MLT&keywords=bags&qid=1685207013&sprefix=ba%2Caps%2C283&sr=8-246
244,HEROZ Hacker 50 litres Nylon Travel Laptop Backpack Water Resistant Slim Durable Computer Book Bag Tracking Fits Up to 17.3-inch Laptop (058- All) (Grey & Red),"1,599",4.2 out of 5 stars,"3,800",www.amazon.in/HEROZ-Backpack-Resistant-Computer-17-3-inch/dp/B083N53TWB/ref=sr_1_247?crid=2M096C61O4MLT&keywords=bags&qid=1685207013&sprefix=ba%2Caps%2C283&sr=8-247
245,F Gear Yakuza Brown 34 liter Laptop Backpack Sch Bag,"1,099",4.4 out of 5 stars,808,www.amazon.in/F-Gear-Yakuza-Brown-Laptop-Backpack/dp/B071VNWC1C/ref=sr_1_248?crid=2M096C61O4MLT&keywords=bags&qid=1685207013&sprefix=ba%2Caps%2C283&sr=8-248
246,"MOKOBARA Backpack 15.5"" Inch Laptop Backpack For Women (16 litres ) Improved (2022 - Model)","4,499",4.3 out of 5 stars,168,www.amazon.in/Mokobara-Backpack-litre-Brown-laptop/dp/B095PC3QPV/ref=sr_1_249?crid=2M096C61O4MLT&keywords=bags&qid=1685207013&sprefix=ba%2Caps%2C283&sr=8-249
247,Toil Moil Combo 4 Bag Panda Cute Kitty Mickey Red-Spider of Kids Bags for School 10Ltr,374,4.6 out of 5 stars,6,www.amazon.in/Toil-Moil-Mickey-Red-Spider-School/dp/B0BVMT6F5W/ref=sr_1_250?crid=2M096C61O4MLT&keywords=bags&qid=1685207013&sprefix=ba%2Caps%2C283&sr=8-250
248,POLICE Walt Laptop Backpack Business Office College Travel Bags for Men Fits Up to 15 inch Laptop Notebook - Black,"1,689",4.1 out of 5 stars,647,www.amazon.in/POLICE-Stylish-Premium-Quality-Backpack/dp/B084Q4N84P/ref=sr_1_253?crid=2M096C61O4MLT&keywords=bags&qid=1685207013&sprefix=ba%2Caps%2C283&sr=8-253
249,F Gear Burner 19 Liters P10 Sky Blue Casual Backpack (2186),799,4.3 out of 5 stars,"2,124",www.amazon.in/F-Gear-Burner-P10-26-Ltrs-Blue-Casual-Backpack/dp/B01611Z04M/ref=sr_1_254?crid=2M096C61O4MLT&keywords=bags&qid=1685207013&sprefix=ba%2Caps%2C283&sr=8-254
250,"Veneer Medium 20 L Laptop Backpack Men Womens Girls Fashion PU Leather Mini Casual Backpack Bags for School, College, Tuition, Office Bag",899,4.2 out of 5 stars,900,www.amazon.in/Veneer-Backpack-Fashion-Leather-College/dp/B09BMG8R6Y/ref=sr_1_255?crid=2M096C61O4MLT&keywords=bags&qid=1685207013&sprefix=ba%2Caps%2C283&sr=8-255
251,Aashiya Trades Pink Unicorn bagpack Fashion School Backpack Girls Bookbag Set Student Laptop Backpack College going bag with lunch bag and pouch,820,unknown,unknown,www.amazon.in/Aashiya-Trades-Unicorn-bagpack-Backpack/dp/B0C4TXFXJW/ref=sr_1_256?crid=2M096C61O4MLT&keywords=bags&qid=1685207013&sprefix=ba%2Caps%2C283&sr=8-256
252,"ASUS EOS 2 Carry Bag (Black), 2-Tone Tear-Resistant & Water-Repellent 600D Polyster Bag",899,unknown,unknown,www.amazon.in/ASUS-Tear-Resistant-Water-Repellent-Messenger-detachable/dp/B0BWYQN4QS/ref=sr_1_257?crid=2M096C61O4MLT&keywords=bags&qid=1685207013&sprefix=ba%2Caps%2C283&sr=8-257
253,"ah arctic hunter Laptop Bag,Messenger Bags For Men And Women Laptop Sling Bag With Handle Water-resistant Laptop Briefcase For 15.6 Inch Laptop Multiple Pockets Travel Office For Men.Black","2,849",4.5 out of 5 stars,72,www.amazon.in/Messenger-Water-resistant-Briefcase-Multiple-Men-Black/dp/B0B6G58BYC/ref=sr_1_258?crid=2M096C61O4MLT&keywords=bags&qid=1685207013&sprefix=ba%2Caps%2C283&sr=8-258
254,Half Moon 36 ltrs Lightweight Waterproof Backpack for Boys Girls Men/Women College Office Laptop School Bags with Rain Cover,649,3.6 out of 5 stars,83,www.amazon.in/Half-Moon-Lightweight-Waterproof-Laptop/dp/B08RS74SYB/ref=sr_1_259?crid=2M096C61O4MLT&keywords=bags&qid=1685207013&sprefix=ba%2Caps%2C283&sr=8-259
255,"uppercase Medium 17 Ltrs Vegan Leather (upto 14 inch) Laptop Backpack 2300EBP1 3x more water resistant sustainable bags with rain proof zippers for Men, Women, Boys and Girls, 750 Days warranty","1,600",4.1 out of 5 stars,443,www.amazon.in/uppercase-Backpack-2300EBP1-repellent-sustainable/dp/B0B69M182Q/ref=sr_1_260?crid=2M096C61O4MLT&keywords=bags&qid=1685207013&sprefix=ba%2Caps%2C283&sr=8-260
256,ADISA 32 Ltrs Water Resistant Casual Travel Bagpack/College Backpack/School Office Bag for Men and Women,499,4.0 out of 5 stars,"3,883",www.amazon.in/ADISA-BP010-Weight-Casual-Backpack/dp/B07MXF15WZ/ref=sr_1_259?crid=2M096C61O4MLT&keywords=bags&qid=1685207015&sprefix=ba%2Caps%2C283&sr=8-259
257,Gear Superior 16LWater Resistant School Bag//Backpack/College Bag for Men/Women - Black,399,3.9 out of 5 stars,277,www.amazon.in/Gear-Superior-Casual-Backpack-BKPSPRIOR0001/dp/B08GY2ZN96/ref=sr_1_260?crid=2M096C61O4MLT&keywords=bags&qid=1685207015&sprefix=ba%2Caps%2C283&sr=8-260
258,Lavie Sport Perk 36 litres Backpack with Laptop Sleeve | School College Bag for Boys & Girls,849,3.6 out of 5 stars,222,www.amazon.in/Lavie-Sport-Casual-Backpack-PERK/dp/B083KT22HZ/ref=sr_1_261?crid=2M096C61O4MLT&keywords=bags&qid=1685207015&sprefix=ba%2Caps%2C283&sr=8-261
259,SIO Vegetable Bags for Fridge Storage Net Bag Vegetable and Fruit Reusable Produce Bags Pack of 12 Multicolored,299,4.2 out of 5 stars,"6,451",www.amazon.in/Sio-Fridge-Vegetable-Reusable-Multicolored/dp/B06XWYCFKS/ref=sr_1_262?crid=2M096C61O4MLT&keywords=bags&qid=1685207015&sprefix=ba%2Caps%2C283&sr=8-262
260,Priority Polyester 29 Cms Travel Duffle(25637_Aqua),799,4.0 out of 5 stars,"7,835",www.amazon.in/Priority-ARC-Blue-Duffle-Luggage/dp/B08FCQ4YTG/ref=sr_1_263?crid=2M096C61O4MLT&keywords=bags&qid=1685207015&sprefix=ba%2Caps%2C283&sr=8-263
261,Protecta The Professional Laptop Bag Briefcase for Laptops with Screen Size Up to 15.6 Inch (Black & Indian Geometric Print),669,4.4 out of 5 stars,"1,443",www.amazon.in/Protecta-Professional-15-6-inch-Briefcase-Geometric/dp/B07GNCRCP4/ref=sr_1_264?crid=2M096C61O4MLT&keywords=bags&qid=1685207015&sprefix=ba%2Caps%2C283&sr=8-264
262,"BROGBUS pu Leather Men Bag Casual Business Messenger Bag for Cross body Bag Male Shoulder Bags PU Leather Sling Messenger Bag (Brown, L- 10.05inch H- 11.5inch W- 3inch)",939,4.0 out of 5 stars,537,www.amazon.in/BROGBUS-Business-Messenger-Sling-10-05inch/dp/B09QLD9GJY/ref=sr_1_265?crid=2M096C61O4MLT&keywords=bags&qid=1685207015&sprefix=ba%2Caps%2C283&sr=8-265
263,"Safari Seek 32 Ltrs Overnighter Travel Laptop Backpack (Black), Water Resistant Spacious Bag for Travelling and Camping, All-Purpose Bag for Business & Leisure","1,949",4.3 out of 5 stars,176,www.amazon.in/Safari-Overnighter-Resistant-Travelling-All-Purpose/dp/B097JMR4M6/ref=sr_1_266?crid=2M096C61O4MLT&keywords=bags&qid=1685207015&sprefix=ba%2Caps%2C283&sr=8-266
264,"The Purple Tree Fatty Tote Bag For Women, Women Fatty Tote Bag, Handbag, Women Handbag, Women Bag, Handbag for Women, Women's Tote, Gift For Women A",599,4.1 out of 5 stars,374,www.amazon.in/Purple-Tree-Fatty-Handbag-Womens/dp/B09PQNK66Z/ref=sr_1_269?crid=2M096C61O4MLT&keywords=bags&qid=1685207015&sprefix=ba%2Caps%2C283&sr=8-269
265,"AmazonBasics Water Repellent and Wear Resistant Laptop Backpack - 24L, Blue",709,4.2 out of 5 stars,538,www.amazon.in/Amazon-Basics-Laptop-Backpack-Repellent/dp/B09W43XLBY/ref=sr_1_270?crid=2M096C61O4MLT&keywords=bags&qid=1685207015&sprefix=ba%2Caps%2C283&sr=8-270
266,"Storite PU Leather 14 Inch Laptop Shoulder Messenger Sling Office Business Travel Bag for Men & Women (Brown, 40cm x 29cm x 6cm)","1,059",3.7 out of 5 stars,412,www.amazon.in/Storite-Laptop-Briefcase-Messenger-Bag/dp/B08VWF41VX/ref=sr_1_271?crid=2M096C61O4MLT&keywords=bags&qid=1685207015&sprefix=ba%2Caps%2C283&sr=8-271
267,"EVRUM Sling Bag For Men CrossBody Backpack For Men Women, Anti-Theft Chest Bag With USB Charging Port, Waterproof Casual Shoulder Bag Travel Hiking Sling Backpack Carbon Fiber","1,619",4.8 out of 5 stars,71,www.amazon.in/EVRUM-Business-Protection-Crossbody-Waterproof/dp/B0BX6VKQ35/ref=sr_1_272?crid=2M096C61O4MLT&keywords=bags&qid=1685207015&sprefix=ba%2Caps%2C283&sr=8-272
268,NETTIE Cotton Carry Bag with Strap and Drawstring for Yoga Mat- Big Size,198,4.1 out of 5 stars,"1,069",www.amazon.in/NETTIE-Cotton-Carry-Strap-Drawstring/dp/B08LBT1R9J/ref=sr_1_273?crid=2M096C61O4MLT&keywords=bags&qid=1685207015&sprefix=ba%2Caps%2C283&sr=8-273
269,Lino Perros Women Shoulder Bag,978,4.2 out of 5 stars,335,www.amazon.in/Lino-Perros-yellow-shoulder-WHITE/dp/B09MRY9BQ7/ref=sr_1_274?crid=2M096C61O4MLT&keywords=bags&qid=1685207015&sprefix=ba%2Caps%2C283&sr=8-274
270,Gear 25L SUAVE BUSINESS ANTI-THEFT OFFICE LAPTOP BACKPACK F0R MEN/WOMEN (BLACK-GREY),915,3.9 out of 5 stars,24,www.amazon.in/BUSINESS-ANTI-THEFT-OFFICE-BACKPACK-BLACK-GREY/dp/B0B4694KRS/ref=sr_1_275?crid=2M096C61O4MLT&keywords=bags&qid=1685207015&sprefix=ba%2Caps%2C283&sr=8-275
271,Aristocrat Draw-Pack 15L Unisex Grey Laptop Bags,499,4.3 out of 5 stars,12,www.amazon.in/Aristocrat-Draw-Pack-Unisex-Grey-Laptop/dp/B0B5YGP1BV/ref=sr_1_276?crid=2M096C61O4MLT&keywords=bags&qid=1685207015&sprefix=ba%2Caps%2C283&sr=8-276
272,Lavie Sport Perk 36 litres Backpack with Laptop Sleeve | School College Bag for Boys & Girls,849,3.6 out of 5 stars,222,www.amazon.in/Lavie-Sport-Casual-Backpack-PERK/dp/B083KT22HZ/ref=sr_1_275?crid=2M096C61O4MLT&keywords=bags&qid=1685207017&sprefix=ba%2Caps%2C283&sr=8-275
273,"SPENZ BAGS Travel Laptop Backpack for Women & Men | Fits15.6 Inch Laptop | Flight Approved Carry On Bag, College & School Students Bookbag With Raincover",849,4.9 out of 5 stars,37,www.amazon.in/SPENZ-BAGS-Backpack-Raincover-Brown/dp/B0C3RN6QSC/ref=sr_1_276?crid=2M096C61O4MLT&keywords=bags&qid=1685207017&sprefix=ba%2Caps%2C283&sr=8-276
274,Half Moon 35 L Casual Waterproof Laptop Bag/Backpack for Men Women Boys Girls/Office School College Teens & Students with Rain Cover (18 Inch) (Sky Blue),599,3.6 out of 5 stars,55,www.amazon.in/Half-Moon-Waterproof-Backpack-Students/dp/B0BQFVH29F/ref=sr_1_277?crid=2M096C61O4MLT&keywords=bags&qid=1685207017&sprefix=ba%2Caps%2C283&sr=8-277
275,"SNDIA 2-Set Multipurpose Transparent Travel Pouch Makeup Toiletry Kit Bag Cosmetic Pouch for Women Makeup Organizer Bag Plastic Box Vanity, Shaving Kit Toiletry Bag for Men (23.5x15.5x10 cm)",398,4.2 out of 5 stars,677,www.amazon.in/SNDIA-Transparent-Storage-Cosmetic-Toiletry/dp/B095PFZLJR/ref=sr_1_278?crid=2M096C61O4MLT&keywords=bags&qid=1685207017&sprefix=ba%2Caps%2C283&sr=8-278
276,SBCOLLECTION Premium School College Office Laptop Daily Use Backpack for All Day Traveler,229,3.3 out of 5 stars,13,www.amazon.in/SBCOLLECTION-Premium-Backpack-Water-Resistance-Business/dp/B0BXL5B1J4/ref=sr_1_279?crid=2M096C61O4MLT&keywords=bags&qid=1685207017&sprefix=ba%2Caps%2C283&sr=8-279
277,F Gear Colorado Navy Lmn yelw 39 Ltrs Laptop Backpack (3813),999,4.2 out of 5 stars,100,www.amazon.in/Gear-Colorado-Navy-Laptop-Backpack/dp/B097K6SPH7/ref=sr_1_280?crid=2M096C61O4MLT&keywords=bags&qid=1685207017&sprefix=ba%2Caps%2C283&sr=8-280
278,"Storite PU Leather 14 Inch Laptop Shoulder Messenger Sling Office Business Travel Bag for Men & Women (Brown, 40cm x 29cm x 6cm)","1,059",3.7 out of 5 stars,412,www.amazon.in/Storite-Laptop-Briefcase-Messenger-Bag/dp/B08VWF41VX/ref=sr_1_281?crid=2M096C61O4MLT&keywords=bags&qid=1685207017&sprefix=ba%2Caps%2C283&sr=8-281
279,Aashiya Trades Pink Unicorn bagpack Fashion School Backpack Girls Bookbag Set Student Laptop Backpack College going bag with lunch bag and pouch,820,unknown,unknown,www.amazon.in/Aashiya-Trades-Unicorn-bagpack-Backpack/dp/B0C4TXFXJW/ref=sr_1_282?crid=2M096C61O4MLT&keywords=bags&qid=1685207017&sprefix=ba%2Caps%2C283&sr=8-282
280,TriPole Foldable PAKEASY Backpack and Day Bag for Hiking and Day Trips,599,4.1 out of 5 stars,65,www.amazon.in/Tripole-Foldable-PAKEASY-Backpack-Hiking/dp/B0B24Q1XX3/ref=sr_1_285?crid=2M096C61O4MLT&keywords=bags&qid=1685207017&sprefix=ba%2Caps%2C283&sr=8-285
281,Tabelito® VOLT Casual waterproof Laptop Backpack/Office bag/School bag/College bag/Business bag/Unisex bag Travel bag Compatible with 15.6 inch Laptop 30L Bag for Men and Women - GREY,599,4.7 out of 5 stars,176,www.amazon.in/Tabelito%C2%AE-VOLT-waterproof-Backpack-Compatible/dp/B0BML7Q3J1/ref=sr_1_286?crid=2M096C61O4MLT&keywords=bags&qid=1685207017&sprefix=ba%2Caps%2C283&sr=8-286
282,"F Gear Fortune Navy Blue, Red 27 Liters Laptop Backpack (2700)",884,4.1 out of 5 stars,498,www.amazon.in/F-Gear-Fortune-Backpack-Navy-Blue/dp/B07B7K7212/ref=sr_1_287?crid=2M096C61O4MLT&keywords=bags&qid=1685207017&sprefix=ba%2Caps%2C283&sr=8-287
283,"Storite Pu Leather 46 Cms Travel Duffle Bag Sports Gym Shoulder Handbag for Men Outdoor Weekend Bag for Women with Shoe Compartment Luggage Bag (Brown, 46 x 25.5 x 25.5 Cm)",598,3.9 out of 5 stars,38,www.amazon.in/Storite-Bag-Shoulder-Compartment-Brown/dp/B0BJ6GK6S4/ref=sr_1_288?crid=2M096C61O4MLT&keywords=bags&qid=1685207017&sprefix=ba%2Caps%2C283&sr=8-288
284,Half Moon Large 35L Laptop College School Travel Bag Backpack for Men Women Boys and Girls Luggage Travel Bags with 17.3 inches Laptop Compartment Rain Cover & Reflective Strips (Black),849,3.7 out of 5 stars,11,www.amazon.in/Half-Moon-Backpack-Compartment-Reflective/dp/B0BR2WGZD2/ref=sr_1_289?crid=2M096C61O4MLT&keywords=bags&qid=1685207017&sprefix=ba%2Caps%2C283&sr=8-289
285,F Gear Sniper Lite V2 30 Liters Black Laptop Backpack,999,4.3 out of 5 stars,"4,996",www.amazon.in/F-Gear-Sniper-Lite-V2-Black-Backpack/dp/B015FANZ7E/ref=sr_1_290?crid=2M096C61O4MLT&keywords=bags&qid=1685207017&sprefix=ba%2Caps%2C283&sr=8-290
286,"The Purple Tree Fatty Tote Bag For Women, Women Fatty Tote Bag, Handbag, Women Handbag, Women Bag, Handbag for Women, Women's Tote, Gift For Women F",599,4.0 out of 5 stars,356,www.amazon.in/Purple-Tree-Womens-Tote-FATTYTOTE00008_Multicolored/dp/B084D9XWGK/ref=sr_1_291?crid=2M096C61O4MLT&keywords=bags&qid=1685207017&sprefix=ba%2Caps%2C283&sr=8-291
287,"Safari Seek 32 Ltrs Overnighter Travel Laptop Backpack (Black), Water Resistant Spacious Bag for Travelling and Camping, All-Purpose Bag for Business & Leisure","1,949",4.3 out of 5 stars,176,www.amazon.in/Safari-Overnighter-Resistant-Travelling-All-Purpose/dp/B097JMR4M6/ref=sr_1_292?crid=2M096C61O4MLT&keywords=bags&qid=1685207017&sprefix=ba%2Caps%2C283&sr=8-292
288,Aristocrat Draw-Pack 15L Unisex Grey Laptop Bags,499,4.3 out of 5 stars,12,www.amazon.in/Aristocrat-Draw-Pack-Unisex-Grey-Laptop/dp/B0B5YGP1BV/ref=sr_1_291?crid=2M096C61O4MLT&keywords=bags&qid=1685207018&sprefix=ba%2Caps%2C283&sr=8-291
289,"F Gear Blow Laptop Backpack With Rain Cover 32 Liters (Black,Grey) Sch Bag","1,099",4.3 out of 5 stars,"1,277",www.amazon.in/F-Gear-Blow-Laptop-Backpack/dp/B078J63VRY/ref=sr_1_292?crid=2M096C61O4MLT&keywords=bags&qid=1685207018&sprefix=ba%2Caps%2C283&sr=8-292
290,Wildcraft Unisex-Adult 28 ltrs Laptop Bag Black,"1,724",4.2 out of 5 stars,458,www.amazon.in/Wildcraft-Turnaround-Polyester-Laptop-8903338054696/dp/B012D518O6/ref=sr_1_293_mod_primary_new?crid=2M096C61O4MLT&keywords=bags&qid=1685207018&sbo=RZvfv%2F%2FHxDF%2BO5021pAnSA%3D%3D&sprefix=ba%2Caps%2C283&sr=8-293
291,Half Moon Large 35L Laptop College School Travel Bag Backpack for Men Women Boys and Girls Luggage Travel Bags with 17.3 inches Laptop Compartment Rain Cover & Reflective Strips (Black),849,3.7 out of 5 stars,11,www.amazon.in/Half-Moon-Backpack-Compartment-Reflective/dp/B0BR2WGZD2/ref=sr_1_294?crid=2M096C61O4MLT&keywords=bags&qid=1685207018&sprefix=ba%2Caps%2C283&sr=8-294
292,"American Tourister Zork Polyester 2 Compartment Laptop Unisex Backpack (Black,Frsz)","3,970",3.0 out of 5 stars,2,www.amazon.in/American-Tourister-Polyester-Compartment-Backpack/dp/B0BV75WFJP/ref=sr_1_295?crid=2M096C61O4MLT&keywords=bags&qid=1685207018&sprefix=ba%2Caps%2C283&sr=8-295
293,"F Gear Fortune Navy Blue, Red 27 Liters Laptop Backpack (2700)",884,4.1 out of 5 stars,498,www.amazon.in/F-Gear-Fortune-Backpack-Navy-Blue/dp/B07B7K7212/ref=sr_1_296?crid=2M096C61O4MLT&keywords=bags&qid=1685207018&sprefix=ba%2Caps%2C283&sr=8-296
294,"SACCI MUCCI Women's Rainbow Sling Bag, Handmade Bags for Females - 100% Vegan Leather and Coated Duck canvas Fabric, Lightweight and Durable",499,4.2 out of 5 stars,789,www.amazon.in/gp/bestsellers/shoes/1983357031/ref=sr_bs_8_1983357031_1
295,ADISA 32 Ltrs Water Resistant Casual Travel Bagpack/College Backpack/School Office Bag for Men and Women,499,4.0 out of 5 stars,"3,883",www.amazon.in/ADISA-BP010-Weight-Casual-Backpack/dp/B07MXF15WZ/ref=sr_1_298?crid=2M096C61O4MLT&keywords=bags&qid=1685207018&sprefix=ba%2Caps%2C283&sr=8-298
296,"SPENZ BAGS Travel Laptop Backpack for Women & Men | Fits15.6 Inch Laptop | Flight Approved Carry On Bag, College & School Students Bookbag With Raincover",849,4.9 out of 5 stars,37,www.amazon.in/SPENZ-BAGS-Backpack-Raincover-Black/dp/B0C3RLGGVZ/ref=sr_1_301?crid=2M096C61O4MLT&keywords=bags&qid=1685207018&sprefix=ba%2Caps%2C283&sr=8-301
297,satellite backpacks for men women backpack bags school bag boys under 35 ltr litres casual bagpack black,516,3.8 out of 5 stars,352,www.amazon.in/SATELLITE-Black-Casual-Backpack-Bagpack/dp/B083DZVFZM/ref=sr_1_302?crid=2M096C61O4MLT&keywords=bags&qid=1685207018&sprefix=ba%2Caps%2C283&sr=8-302
298,Half Moon 37L Water Resistant School/Office/Busines Backpack for Men Women Boys & Girls (Grey),649,4.5 out of 5 stars,2,www.amazon.in/Half-Moon-Resistant-School-Backpack/dp/B0BXXTZ7GZ/ref=sr_1_303?crid=2M096C61O4MLT&keywords=bags&qid=1685207018&sprefix=ba%2Caps%2C283&sr=8-303
299,HARISSONS Bags Volt 15.6 inch Office Laptop Backpacks for Men and Women,"1,504",4.1 out of 5 stars,249,www.amazon.in/Harissons-Office-Laptop-Backpacks-Women/dp/B09D3YYYNG/ref=sr_1_304?crid=2M096C61O4MLT&keywords=bags&qid=1685207018&sprefix=ba%2Caps%2C283&sr=8-304
300,F Gear Tandrum V2 Leather 28 Liters Laptop Backpack Sch Bag(Black),"1,145",4.3 out of 5 stars,241,www.amazon.in/F-Gear-Tandrum-Leather-Laptop-Backpack/dp/B071GY723F/ref=sr_1_305?crid=2M096C61O4MLT&keywords=bags&qid=1685207018&sprefix=ba%2Caps%2C283&sr=8-305
301,"Skybags New Neon 13 30 L Backpack (Blue), Free Size (Bpnne13Hblu)","1,328",4.0 out of 5 stars,468,www.amazon.in/SKYBAGS-New-Neon-Backpack-Blue/dp/B0819KVFTR/ref=sr_1_306?crid=2M096C61O4MLT&keywords=bags&qid=1685207018&sprefix=ba%2Caps%2C283&sr=8-306
302,"AmazonBasics Water Repellent and Wear Resistant Laptop Backpack - 24L, Blue",709,4.2 out of 5 stars,538,www.amazon.in/Amazon-Basics-Laptop-Backpack-Repellent/dp/B09W43XLBY/ref=sr_1_307?crid=2M096C61O4MLT&keywords=bags&qid=1685207018&sprefix=ba%2Caps%2C283&sr=8-307
303,American Tourister Spin 49 cms Navy Laptop Backpack,"1,660",4.1 out of 5 stars,"1,170",www.amazon.in/American-Tourister-FS0-41-002/dp/B07S13B1HR/ref=sr_1_308?crid=2M096C61O4MLT&keywords=bags&qid=1685207018&sprefix=ba%2Caps%2C283&sr=8-308
304,F Gear Tandrum V2 Leather 28 Liters Laptop Backpack Sch Bag(Black),"1,145",4.3 out of 5 stars,241,www.amazon.in/F-Gear-Tandrum-Leather-Laptop-Backpack/dp/B071GY723F/ref=sr_1_307?crid=2M096C61O4MLT&keywords=bags&qid=1685207020&sprefix=ba%2Caps%2C283&sr=8-307
305,"Skybags Drip NXT 03 Unisex Daypack Backpack with Drawstring Pocket, Black, SK BPDRNT3BLK","1,890",4.1 out of 5 stars,23,www.amazon.in/Skybags-Backpack-Drawstring-SK-BPDRNT3BLK/dp/B0BFXMRH19/ref=sr_1_308?crid=2M096C61O4MLT&keywords=bags&qid=1685207020&sprefix=ba%2Caps%2C283&sr=8-308
